"gov","minoria","pmdb","psd","psdb","pt","TIPO","resultado"
"2","2","2","2","2","2","MPV",0.99
"0","2","2","2","2","2","MPV",0.936
"2","0","2","2","2","2","MPV",0.99
"0","0","2","2","2","2","MPV",0.932
"2","1","2","2","2","2","MPV",0.99
"0","1","2","2","2","2","MPV",0.908
"2","2","0","2","2","2","MPV",0.878
"0","2","0","2","2","2","MPV",0.772
"2","0","0","2","2","2","MPV",0.804
"0","0","0","2","2","2","MPV",0.694
"2","1","0","2","2","2","MPV",0.914
"0","1","0","2","2","2","MPV",0.782
"2","2","1","2","2","2","MPV",0.898
"0","2","1","2","2","2","MPV",0.832
"2","0","1","2","2","2","MPV",0.872
"0","0","1","2","2","2","MPV",0.794
"2","1","1","2","2","2","MPV",0.914
"0","1","1","2","2","2","MPV",0.836
"2","2","2","0","2","2","MPV",0.824
"0","2","2","0","2","2","MPV",0.586
"2","0","2","0","2","2","MPV",0.834
"0","0","2","0","2","2","MPV",0.594
"2","1","2","0","2","2","MPV",0.808
"0","1","2","0","2","2","MPV",0.566
"2","2","0","0","2","2","MPV",0.508
"0","2","0","0","2","2","MPV",0.204
"2","0","0","0","2","2","MPV",0.48
"0","0","0","0","2","2","MPV",0.196
"2","1","0","0","2","2","MPV",0.594
"0","1","0","0","2","2","MPV",0.284
"2","2","1","0","2","2","MPV",0.524
"0","2","1","0","2","2","MPV",0.272
"2","0","1","0","2","2","MPV",0.516
"0","0","1","0","2","2","MPV",0.264
"2","1","1","0","2","2","MPV",0.572
"0","1","1","0","2","2","MPV",0.322
"2","2","2","1","2","2","MPV",0.974
"0","2","2","1","2","2","MPV",0.928
"2","0","2","1","2","2","MPV",0.952
"0","0","2","1","2","2","MPV",0.896
"2","1","2","1","2","2","MPV",0.976
"0","1","2","1","2","2","MPV",0.904
"2","2","0","1","2","2","MPV",0.83
"0","2","0","1","2","2","MPV",0.758
"2","0","0","1","2","2","MPV",0.726
"0","0","0","1","2","2","MPV",0.65
"2","1","0","1","2","2","MPV",0.894
"0","1","0","1","2","2","MPV",0.778
"2","2","1","1","2","2","MPV",0.87
"0","2","1","1","2","2","MPV",0.836
"2","0","1","1","2","2","MPV",0.808
"0","0","1","1","2","2","MPV",0.754
"2","1","1","1","2","2","MPV",0.898
"0","1","1","1","2","2","MPV",0.836
"2","2","2","2","0","2","MPV",0.99
"0","2","2","2","0","2","MPV",0.896
"2","0","2","2","0","2","MPV",0.99
"0","0","2","2","0","2","MPV",0.896
"2","1","2","2","0","2","MPV",0.99
"0","1","2","2","0","2","MPV",0.884
"2","2","0","2","0","2","MPV",0.74
"0","2","0","2","0","2","MPV",0.65
"2","0","0","2","0","2","MPV",0.662
"0","0","0","2","0","2","MPV",0.574
"2","1","0","2","0","2","MPV",0.804
"0","1","0","2","0","2","MPV",0.676
"2","2","1","2","0","2","MPV",0.808
"0","2","1","2","0","2","MPV",0.732
"2","0","1","2","0","2","MPV",0.778
"0","0","1","2","0","2","MPV",0.696
"2","1","1","2","0","2","MPV",0.844
"0","1","1","2","0","2","MPV",0.752
"2","2","2","0","0","2","MPV",0.818
"0","2","2","0","0","2","MPV",0.57
"2","0","2","0","0","2","MPV",0.832
"0","0","2","0","0","2","MPV",0.576
"2","1","2","0","0","2","MPV",0.802
"0","1","2","0","0","2","MPV",0.546
"2","2","0","0","0","2","MPV",0.326
"0","2","0","0","0","2","MPV",0.116
"2","0","0","0","0","2","MPV",0.3
"0","0","0","0","0","2","MPV",0.102
"2","1","0","0","0","2","MPV",0.362
"0","1","0","0","0","2","MPV",0.134
"2","2","1","0","0","2","MPV",0.394
"0","2","1","0","0","2","MPV",0.204
"2","0","1","0","0","2","MPV",0.384
"0","0","1","0","0","2","MPV",0.19
"2","1","1","0","0","2","MPV",0.428
"0","1","1","0","0","2","MPV",0.226
"2","2","2","1","0","2","MPV",0.932
"0","2","2","1","0","2","MPV",0.862
"2","0","2","1","0","2","MPV",0.906
"0","0","2","1","0","2","MPV",0.832
"2","1","2","1","0","2","MPV",0.936
"0","1","2","1","0","2","MPV",0.85
"2","2","0","1","0","2","MPV",0.618
"0","2","0","1","0","2","MPV",0.59
"2","0","0","1","0","2","MPV",0.498
"0","0","0","1","0","2","MPV",0.478
"2","1","0","1","0","2","MPV",0.686
"0","1","0","1","0","2","MPV",0.612
"2","2","1","1","0","2","MPV",0.716
"0","2","1","1","0","2","MPV",0.694
"2","0","1","1","0","2","MPV",0.642
"0","0","1","1","0","2","MPV",0.61
"2","1","1","1","0","2","MPV",0.746
"0","1","1","1","0","2","MPV",0.698
"2","2","2","2","1","2","MPV",0.972
"0","2","2","2","1","2","MPV",0.888
"2","0","2","2","1","2","MPV",0.976
"0","0","2","2","1","2","MPV",0.886
"2","1","2","2","1","2","MPV",0.968
"0","1","2","2","1","2","MPV",0.866
"2","2","0","2","1","2","MPV",0.828
"0","2","0","2","1","2","MPV",0.706
"2","0","0","2","1","2","MPV",0.758
"0","0","0","2","1","2","MPV",0.634
"2","1","0","2","1","2","MPV",0.864
"0","1","0","2","1","2","MPV",0.714
"2","2","1","2","1","2","MPV",0.856
"0","2","1","2","1","2","MPV",0.772
"2","0","1","2","1","2","MPV",0.834
"0","0","1","2","1","2","MPV",0.74
"2","1","1","2","1","2","MPV",0.874
"0","1","1","2","1","2","MPV",0.778
"2","2","2","0","1","2","MPV",0.79
"0","2","2","0","1","2","MPV",0.546
"2","0","2","0","1","2","MPV",0.802
"0","0","2","0","1","2","MPV",0.558
"2","1","2","0","1","2","MPV",0.77
"0","1","2","0","1","2","MPV",0.524
"2","2","0","0","1","2","MPV",0.46
"0","2","0","0","1","2","MPV",0.174
"2","0","0","0","1","2","MPV",0.432
"0","0","0","0","1","2","MPV",0.168
"2","1","0","0","1","2","MPV",0.518
"0","1","0","0","1","2","MPV",0.224
"2","2","1","0","1","2","MPV",0.486
"0","2","1","0","1","2","MPV",0.244
"2","0","1","0","1","2","MPV",0.478
"0","0","1","0","1","2","MPV",0.238
"2","1","1","0","1","2","MPV",0.522
"0","1","1","0","1","2","MPV",0.282
"2","2","2","1","1","2","MPV",0.952
"0","2","2","1","1","2","MPV",0.88
"2","0","2","1","1","2","MPV",0.93
"0","0","2","1","1","2","MPV",0.85
"2","1","2","1","1","2","MPV",0.956
"0","1","2","1","1","2","MPV",0.862
"2","2","0","1","1","2","MPV",0.774
"0","2","0","1","1","2","MPV",0.686
"2","0","0","1","1","2","MPV",0.672
"0","0","0","1","1","2","MPV",0.582
"2","1","0","1","1","2","MPV",0.834
"0","1","0","1","1","2","MPV",0.702
"2","2","1","1","1","2","MPV",0.824
"0","2","1","1","1","2","MPV",0.774
"2","0","1","1","1","2","MPV",0.764
"0","0","1","1","1","2","MPV",0.696
"2","1","1","1","1","2","MPV",0.85
"0","1","1","1","1","2","MPV",0.774
"2","2","2","2","2","0","MPV",0.99
"0","2","2","2","2","0","MPV",0.948
"2","0","2","2","2","0","MPV",0.976
"0","0","2","2","2","0","MPV",0.924
"2","1","2","2","2","0","MPV",0.976
"0","1","2","2","2","0","MPV",0.902
"2","2","0","2","2","0","MPV",0.822
"0","2","0","2","2","0","MPV",0.732
"2","0","0","2","2","0","MPV",0.738
"0","0","0","2","2","0","MPV",0.646
"2","1","0","2","2","0","MPV",0.836
"0","1","0","2","2","0","MPV",0.72
"2","2","1","2","2","0","MPV",0.884
"0","2","1","2","2","0","MPV",0.83
"2","0","1","2","2","0","MPV",0.836
"0","0","1","2","2","0","MPV",0.774
"2","1","1","2","2","0","MPV",0.882
"0","1","1","2","2","0","MPV",0.814
"2","2","2","0","2","0","MPV",0.696
"0","2","2","0","2","0","MPV",0.464
"2","0","2","0","2","0","MPV",0.692
"0","0","2","0","2","0","MPV",0.464
"2","1","2","0","2","0","MPV",0.7
"0","1","2","0","2","0","MPV",0.464
"2","2","0","0","2","0","MPV",0.306
"0","2","0","0","2","0","MPV",0
"2","0","0","0","2","0","MPV",0.294
"0","0","0","0","2","0","MPV",0.018
"2","1","0","0","2","0","MPV",0.388
"0","1","0","0","2","0","MPV",0.088
"2","2","1","0","2","0","MPV",0.376
"0","2","1","0","2","0","MPV",0.12
"2","0","1","0","2","0","MPV",0.37
"0","0","1","0","2","0","MPV",0.122
"2","1","1","0","2","0","MPV",0.424
"0","1","1","0","2","0","MPV",0.178
"2","2","2","1","2","0","MPV",0.976
"0","2","2","1","2","0","MPV",0.944
"2","0","2","1","2","0","MPV",0.93
"0","0","2","1","2","0","MPV",0.892
"2","1","2","1","2","0","MPV",0.962
"0","1","2","1","2","0","MPV",0.902
"2","2","0","1","2","0","MPV",0.8
"0","2","0","1","2","0","MPV",0.74
"2","0","0","1","2","0","MPV",0.68
"0","0","0","1","2","0","MPV",0.62
"2","1","0","1","2","0","MPV",0.828
"0","1","0","1","2","0","MPV",0.728
"2","2","1","1","2","0","MPV",0.866
"0","2","1","1","2","0","MPV",0.842
"2","0","1","1","2","0","MPV",0.782
"0","0","1","1","2","0","MPV",0.744
"2","1","1","1","2","0","MPV",0.872
"0","1","1","1","2","0","MPV",0.822
"2","2","2","2","0","0","MPV",0.986
"0","2","2","2","0","0","MPV",0.894
"2","0","2","2","0","0","MPV",0.968
"0","0","2","2","0","0","MPV",0.874
"2","1","2","2","0","0","MPV",0.982
"0","1","2","2","0","0","MPV",0.866
"2","2","0","2","0","0","MPV",0.708
"0","2","0","2","0","0","MPV",0.626
"2","0","0","2","0","0","MPV",0.62
"0","0","0","2","0","0","MPV",0.54
"2","1","0","2","0","0","MPV",0.742
"0","1","0","2","0","0","MPV",0.618
"2","2","1","2","0","0","MPV",0.804
"0","2","1","2","0","0","MPV",0.732
"2","0","1","2","0","0","MPV",0.754
"0","0","1","2","0","0","MPV",0.678
"2","1","1","2","0","0","MPV",0.818
"0","1","1","2","0","0","MPV",0.724
"2","2","2","0","0","0","MPV",0.7
"0","2","2","0","0","0","MPV",0.46
"2","0","2","0","0","0","MPV",0.694
"0","0","2","0","0","0","MPV",0.454
"2","1","2","0","0","0","MPV",0.704
"0","1","2","0","0","0","MPV",0.454
"2","2","0","0","0","0","MPV",0.216
"0","2","0","0","0","0","MPV",0
"2","0","0","0","0","0","MPV",0.198
"0","0","0","0","0","0","MPV",0.002
"2","1","0","0","0","0","MPV",0.254
"0","1","0","0","0","0","MPV",0.028
"2","2","1","0","0","0","MPV",0.308
"0","2","1","0","0","0","MPV",0.11
"2","0","1","0","0","0","MPV",0.298
"0","0","1","0","0","0","MPV",0.1
"2","1","1","0","0","0","MPV",0.342
"0","1","1","0","0","0","MPV",0.138
"2","2","2","1","0","0","MPV",0.934
"0","2","2","1","0","0","MPV",0.872
"2","0","2","1","0","0","MPV",0.884
"0","0","2","1","0","0","MPV",0.822
"2","1","2","1","0","0","MPV",0.928
"0","1","2","1","0","0","MPV",0.844
"2","2","0","1","0","0","MPV",0.628
"0","2","0","1","0","0","MPV",0.602
"2","0","0","1","0","0","MPV",0.492
"0","0","0","1","0","0","MPV",0.476
"2","1","0","1","0","0","MPV",0.658
"0","1","0","1","0","0","MPV",0.584
"2","2","1","1","0","0","MPV",0.736
"0","2","1","1","0","0","MPV",0.714
"2","0","1","1","0","0","MPV",0.642
"0","0","1","1","0","0","MPV",0.614
"2","1","1","1","0","0","MPV",0.744
"0","1","1","1","0","0","MPV",0.694
"2","2","2","2","1","0","MPV",0.964
"0","2","2","2","1","0","MPV",0.89
"2","0","2","2","1","0","MPV",0.946
"0","0","2","2","1","0","MPV",0.868
"2","1","2","2","1","0","MPV",0.944
"0","1","2","2","1","0","MPV",0.844
"2","2","0","2","1","0","MPV",0.764
"0","2","0","2","1","0","MPV",0.656
"2","0","0","2","1","0","MPV",0.684
"0","0","0","2","1","0","MPV",0.576
"2","1","0","2","1","0","MPV",0.774
"0","1","0","2","1","0","MPV",0.636
"2","2","1","2","1","0","MPV",0.832
"0","2","1","2","1","0","MPV",0.754
"2","0","1","2","1","0","MPV",0.788
"0","0","1","2","1","0","MPV",0.704
"2","1","1","2","1","0","MPV",0.83
"0","1","1","2","1","0","MPV",0.736
"2","2","2","0","1","0","MPV",0.67
"0","2","2","0","1","0","MPV",0.428
"2","0","2","0","1","0","MPV",0.664
"0","0","2","0","1","0","MPV",0.428
"2","1","2","0","1","0","MPV",0.666
"0","1","2","0","1","0","MPV",0.42
"2","2","0","0","1","0","MPV",0.29
"0","2","0","0","1","0","MPV",0
"2","0","0","0","1","0","MPV",0.27
"0","0","0","0","1","0","MPV",0.012
"2","1","0","0","1","0","MPV",0.34
"0","1","0","0","1","0","MPV",0.052
"2","2","1","0","1","0","MPV",0.356
"0","2","1","0","1","0","MPV",0.106
"2","0","1","0","1","0","MPV",0.344
"0","0","1","0","1","0","MPV",0.104
"2","1","1","0","1","0","MPV",0.39
"0","1","1","0","1","0","MPV",0.148
"2","2","2","1","1","0","MPV",0.948
"0","2","2","1","1","0","MPV",0.886
"2","0","2","1","1","0","MPV",0.902
"0","0","2","1","1","0","MPV",0.836
"2","1","2","1","1","0","MPV",0.932
"0","1","2","1","1","0","MPV",0.844
"2","2","0","1","1","0","MPV",0.734
"0","2","0","1","1","0","MPV",0.656
"2","0","0","1","1","0","MPV",0.616
"0","0","0","1","1","0","MPV",0.54
"2","1","0","1","1","0","MPV",0.754
"0","1","0","1","1","0","MPV",0.634
"2","2","1","1","1","0","MPV",0.808
"0","2","1","1","1","0","MPV",0.762
"2","0","1","1","1","0","MPV",0.726
"0","0","1","1","1","0","MPV",0.668
"2","1","1","1","1","0","MPV",0.81
"0","1","1","1","1","0","MPV",0.738
"2","2","2","2","2","2","PDC",0.96
"0","2","2","2","2","2","PDC",0.934
"2","0","2","2","2","2","PDC",0.948
"0","0","2","2","2","2","PDC",0.908
"2","1","2","2","2","2","PDC",0.926
"0","1","2","2","2","2","PDC",0.872
"2","2","0","2","2","2","PDC",0.824
"0","2","0","2","2","2","PDC",0.77
"2","0","0","2","2","2","PDC",0.746
"0","0","0","2","2","2","PDC",0.684
"2","1","0","2","2","2","PDC",0.832
"0","1","0","2","2","2","PDC",0.76
"2","2","1","2","2","2","PDC",0.86
"0","2","1","2","2","2","PDC",0.838
"2","0","1","2","2","2","PDC",0.818
"0","0","1","2","2","2","PDC",0.786
"2","1","1","2","2","2","PDC",0.852
"0","1","1","2","2","2","PDC",0.814
"2","2","2","0","2","2","PDC",0.736
"0","2","2","0","2","2","PDC",0.614
"2","0","2","0","2","2","PDC",0.722
"0","0","2","0","2","2","PDC",0.584
"2","1","2","0","2","2","PDC",0.704
"0","1","2","0","2","2","PDC",0.556
"2","2","0","0","2","2","PDC",0.442
"0","2","0","0","2","2","PDC",0.308
"2","0","0","0","2","2","PDC",0.404
"0","0","0","0","2","2","PDC",0.266
"2","1","0","0","2","2","PDC",0.506
"0","1","0","0","2","2","PDC",0.354
"2","2","1","0","2","2","PDC",0.468
"0","2","1","0","2","2","PDC",0.362
"2","0","1","0","2","2","PDC",0.44
"0","0","1","0","2","2","PDC",0.324
"2","1","1","0","2","2","PDC",0.504
"0","1","1","0","2","2","PDC",0.382
"2","2","2","1","2","2","PDC",0.934
"0","2","2","1","2","2","PDC",0.922
"2","0","2","1","2","2","PDC",0.896
"0","0","2","1","2","2","PDC",0.87
"2","1","2","1","2","2","PDC",0.912
"0","1","2","1","2","2","PDC",0.862
"2","2","0","1","2","2","PDC",0.768
"0","2","0","1","2","2","PDC",0.738
"2","0","0","1","2","2","PDC",0.66
"0","0","0","1","2","2","PDC",0.628
"2","1","0","1","2","2","PDC",0.81
"0","1","0","1","2","2","PDC",0.742
"2","2","1","1","2","2","PDC",0.824
"0","2","1","1","2","2","PDC",0.83
"2","0","1","1","2","2","PDC",0.746
"0","0","1","1","2","2","PDC",0.738
"2","1","1","1","2","2","PDC",0.832
"0","1","1","1","2","2","PDC",0.802
"2","2","2","2","0","2","PDC",0.938
"0","2","2","2","0","2","PDC",0.892
"2","0","2","2","0","2","PDC",0.928
"0","0","2","2","0","2","PDC",0.87
"2","1","2","2","0","2","PDC",0.91
"0","1","2","2","0","2","PDC",0.846
"2","2","0","2","0","2","PDC",0.668
"0","2","0","2","0","2","PDC",0.648
"2","0","0","2","0","2","PDC",0.592
"0","0","0","2","0","2","PDC",0.564
"2","1","0","2","0","2","PDC",0.68
"0","1","0","2","0","2","PDC",0.654
"2","2","1","2","0","2","PDC",0.754
"0","2","1","2","0","2","PDC",0.738
"2","0","1","2","0","2","PDC",0.712
"0","0","1","2","0","2","PDC",0.69
"2","1","1","2","0","2","PDC",0.744
"0","1","1","2","0","2","PDC",0.722
"2","2","2","0","0","2","PDC",0.7
"0","2","2","0","0","2","PDC",0.578
"2","0","2","0","0","2","PDC",0.69
"0","0","2","0","0","2","PDC",0.546
"2","1","2","0","0","2","PDC",0.658
"0","1","2","0","0","2","PDC",0.514
"2","2","0","0","0","2","PDC",0.224
"0","2","0","0","0","2","PDC",0.182
"2","0","0","0","0","2","PDC",0.194
"0","0","0","0","0","2","PDC",0.136
"2","1","0","0","0","2","PDC",0.206
"0","1","0","0","0","2","PDC",0.162
"2","2","1","0","0","2","PDC",0.31
"0","2","1","0","0","2","PDC",0.262
"2","0","1","0","0","2","PDC",0.282
"0","0","1","0","0","2","PDC",0.22
"2","1","1","0","0","2","PDC",0.306
"0","1","1","0","0","2","PDC",0.244
"2","2","2","1","0","2","PDC",0.87
"0","2","2","1","0","2","PDC",0.85
"2","0","2","1","0","2","PDC",0.83
"0","0","2","1","0","2","PDC",0.798
"2","1","2","1","0","2","PDC",0.846
"0","1","2","1","0","2","PDC",0.802
"2","2","0","1","0","2","PDC",0.538
"0","2","0","1","0","2","PDC",0.568
"2","0","0","1","0","2","PDC",0.422
"0","0","0","1","0","2","PDC",0.454
"2","1","0","1","0","2","PDC",0.566
"0","1","0","1","0","2","PDC",0.576
"2","2","1","1","0","2","PDC",0.656
"0","2","1","1","0","2","PDC",0.684
"2","0","1","1","0","2","PDC",0.572
"0","0","1","1","0","2","PDC",0.592
"2","1","1","1","0","2","PDC",0.648
"0","1","1","1","0","2","PDC",0.654
"2","2","2","2","1","2","PDC",0.936
"0","2","2","2","1","2","PDC",0.89
"2","0","2","2","1","2","PDC",0.926
"0","0","2","2","1","2","PDC",0.868
"2","1","2","2","1","2","PDC",0.904
"0","1","2","2","1","2","PDC",0.832
"2","2","0","2","1","2","PDC",0.776
"0","2","0","2","1","2","PDC",0.704
"2","0","0","2","1","2","PDC",0.708
"0","0","0","2","1","2","PDC",0.632
"2","1","0","2","1","2","PDC",0.784
"0","1","0","2","1","2","PDC",0.696
"2","2","1","2","1","2","PDC",0.818
"0","2","1","2","1","2","PDC",0.778
"2","0","1","2","1","2","PDC",0.784
"0","0","1","2","1","2","PDC",0.736
"2","1","1","2","1","2","PDC",0.81
"0","1","1","2","1","2","PDC",0.756
"2","2","2","0","1","2","PDC",0.702
"0","2","2","0","1","2","PDC",0.566
"2","0","2","0","1","2","PDC",0.69
"0","0","2","0","1","2","PDC",0.542
"2","1","2","0","1","2","PDC",0.662
"0","1","2","0","1","2","PDC",0.5
"2","2","0","0","1","2","PDC",0.388
"0","2","0","0","1","2","PDC",0.248
"2","0","0","0","1","2","PDC",0.358
"0","0","0","0","1","2","PDC",0.22
"2","1","0","0","1","2","PDC",0.424
"0","1","0","0","1","2","PDC",0.266
"2","2","1","0","1","2","PDC",0.426
"0","2","1","0","1","2","PDC",0.314
"2","0","1","0","1","2","PDC",0.402
"0","0","1","0","1","2","PDC",0.284
"2","1","1","0","1","2","PDC",0.448
"0","1","1","0","1","2","PDC",0.32
"2","2","2","1","1","2","PDC",0.912
"0","2","2","1","1","2","PDC",0.878
"2","0","2","1","1","2","PDC",0.876
"0","0","2","1","1","2","PDC",0.83
"2","1","2","1","1","2","PDC",0.892
"0","1","2","1","1","2","PDC",0.822
"2","2","0","1","1","2","PDC",0.714
"0","2","0","1","1","2","PDC",0.668
"2","0","0","1","1","2","PDC",0.616
"0","0","0","1","1","2","PDC",0.572
"2","1","0","1","1","2","PDC",0.756
"0","1","0","1","1","2","PDC",0.674
"2","2","1","1","1","2","PDC",0.778
"0","2","1","1","1","2","PDC",0.768
"2","0","1","1","1","2","PDC",0.708
"0","0","1","1","1","2","PDC",0.686
"2","1","1","1","1","2","PDC",0.786
"0","1","1","1","1","2","PDC",0.742
"2","2","2","2","2","0","PDC",0.964
"0","2","2","2","2","0","PDC",0.96
"2","0","2","2","2","0","PDC",0.948
"0","0","2","2","2","0","PDC",0.93
"2","1","2","2","2","0","PDC",0.926
"0","1","2","2","2","0","PDC",0.89
"2","2","0","2","2","0","PDC",0.82
"0","2","0","2","2","0","PDC",0.784
"2","0","0","2","2","0","PDC",0.74
"0","0","0","2","2","0","PDC",0.694
"2","1","0","2","2","0","PDC",0.822
"0","1","0","2","2","0","PDC",0.766
"2","2","1","2","2","0","PDC",0.868
"0","2","1","2","2","0","PDC",0.866
"2","0","1","2","2","0","PDC",0.822
"0","0","1","2","2","0","PDC",0.808
"2","1","1","2","2","0","PDC",0.86
"0","1","1","2","2","0","PDC",0.838
"2","2","2","0","2","0","PDC",0.656
"0","2","2","0","2","0","PDC",0.542
"2","0","2","0","2","0","PDC",0.64
"0","0","2","0","2","0","PDC",0.51
"2","1","2","0","2","0","PDC",0.63
"0","1","2","0","2","0","PDC",0.488
"2","2","0","0","2","0","PDC",0.378
"0","2","0","0","2","0","PDC",0.248
"2","0","0","0","2","0","PDC",0.344
"0","0","0","0","2","0","PDC",0.212
"2","1","0","0","2","0","PDC",0.43
"0","1","0","0","2","0","PDC",0.286
"2","2","1","0","2","0","PDC",0.412
"0","2","1","0","2","0","PDC",0.31
"2","0","1","0","2","0","PDC",0.384
"0","0","1","0","2","0","PDC",0.272
"2","1","1","0","2","0","PDC",0.44
"0","1","1","0","2","0","PDC",0.324
"2","2","2","1","2","0","PDC",0.946
"0","2","2","1","2","0","PDC",0.954
"2","0","2","1","2","0","PDC",0.904
"0","0","2","1","2","0","PDC",0.898
"2","1","2","1","2","0","PDC",0.914
"0","1","2","1","2","0","PDC",0.884
"2","2","0","1","2","0","PDC",0.788
"0","2","0","1","2","0","PDC",0.772
"2","0","0","1","2","0","PDC",0.676
"0","0","0","1","2","0","PDC",0.656
"2","1","0","1","2","0","PDC",0.804
"0","1","0","1","2","0","PDC",0.754
"2","2","1","1","2","0","PDC",0.844
"0","2","1","1","2","0","PDC",0.866
"2","0","1","1","2","0","PDC",0.764
"0","0","1","1","2","0","PDC",0.77
"2","1","1","1","2","0","PDC",0.844
"0","1","1","1","2","0","PDC",0.832
"2","2","2","2","0","0","PDC",0.94
"0","2","2","2","0","0","PDC",0.908
"2","0","2","2","0","0","PDC",0.924
"0","0","2","2","0","0","PDC",0.88
"2","1","2","2","0","0","PDC",0.916
"0","1","2","2","0","0","PDC",0.856
"2","2","0","2","0","0","PDC",0.708
"0","2","0","2","0","0","PDC",0.692
"2","0","0","2","0","0","PDC",0.626
"0","0","0","2","0","0","PDC",0.598
"2","1","0","2","0","0","PDC",0.708
"0","1","0","2","0","0","PDC",0.674
"2","2","1","2","0","0","PDC",0.788
"0","2","1","2","0","0","PDC",0.784
"2","0","1","2","0","0","PDC",0.74
"0","0","1","2","0","0","PDC",0.726
"2","1","1","2","0","0","PDC",0.778
"0","1","1","2","0","0","PDC",0.754
"2","2","2","0","0","0","PDC",0.632
"0","2","2","0","0","0","PDC",0.52
"2","0","2","0","0","0","PDC",0.62
"0","0","2","0","0","0","PDC",0.488
"2","1","2","0","0","0","PDC",0.606
"0","1","2","0","0","0","PDC",0.468
"2","2","0","0","0","0","PDC",0.252
"0","2","0","0","0","0","PDC",0.206
"2","0","0","0","0","0","PDC",0.222
"0","0","0","0","0","0","PDC",0.16
"2","1","0","0","0","0","PDC",0.242
"0","1","0","0","0","0","PDC",0.188
"2","2","1","0","0","0","PDC",0.324
"0","2","1","0","0","0","PDC",0.276
"2","0","1","0","0","0","PDC",0.298
"0","0","1","0","0","0","PDC",0.232
"2","1","1","0","0","0","PDC",0.322
"0","1","1","0","0","0","PDC",0.256
"2","2","2","1","0","0","PDC",0.89
"0","2","2","1","0","0","PDC",0.882
"2","0","2","1","0","0","PDC",0.846
"0","0","2","1","0","0","PDC",0.826
"2","1","2","1","0","0","PDC",0.866
"0","1","2","1","0","0","PDC",0.828
"2","2","0","1","0","0","PDC",0.622
"0","2","0","1","0","0","PDC",0.65
"2","0","0","1","0","0","PDC",0.5
"0","0","0","1","0","0","PDC",0.526
"2","1","0","1","0","0","PDC",0.626
"0","1","0","1","0","0","PDC",0.626
"2","2","1","1","0","0","PDC",0.72
"0","2","1","1","0","0","PDC",0.754
"2","0","1","1","0","0","PDC",0.634
"0","0","1","1","0","0","PDC",0.656
"2","1","1","1","0","0","PDC",0.71
"0","1","1","1","0","0","PDC",0.714
"2","2","2","2","1","0","PDC",0.934
"0","2","2","2","1","0","PDC",0.902
"2","0","2","2","1","0","PDC",0.92
"0","0","2","2","1","0","PDC",0.876
"2","1","2","2","1","0","PDC",0.894
"0","1","2","2","1","0","PDC",0.832
"2","2","0","2","1","0","PDC",0.768
"0","2","0","2","1","0","PDC",0.708
"2","0","0","2","1","0","PDC",0.696
"0","0","0","2","1","0","PDC",0.63
"2","1","0","2","1","0","PDC",0.764
"0","1","0","2","1","0","PDC",0.686
"2","2","1","2","1","0","PDC",0.822
"0","2","1","2","1","0","PDC",0.794
"2","0","1","2","1","0","PDC",0.782
"0","0","1","2","1","0","PDC",0.744
"2","1","1","2","1","0","PDC",0.81
"0","1","1","2","1","0","PDC",0.764
"2","2","2","0","1","0","PDC",0.622
"0","2","2","0","1","0","PDC",0.49
"2","0","2","0","1","0","PDC",0.606
"0","0","2","0","1","0","PDC",0.462
"2","1","2","0","1","0","PDC",0.59
"0","1","2","0","1","0","PDC",0.432
"2","2","0","0","1","0","PDC",0.34
"0","2","0","0","1","0","PDC",0.202
"2","0","0","0","1","0","PDC",0.308
"0","0","0","0","1","0","PDC",0.174
"2","1","0","0","1","0","PDC",0.366
"0","1","0","0","1","0","PDC",0.214
"2","2","1","0","1","0","PDC",0.38
"0","2","1","0","1","0","PDC",0.268
"2","0","1","0","1","0","PDC",0.352
"0","0","1","0","1","0","PDC",0.234
"2","1","1","0","1","0","PDC",0.396
"0","1","1","0","1","0","PDC",0.272
"2","2","2","1","1","0","PDC",0.918
"0","2","2","1","1","0","PDC",0.896
"2","0","2","1","1","0","PDC",0.878
"0","0","2","1","1","0","PDC",0.844
"2","1","2","1","1","0","PDC",0.884
"0","1","2","1","1","0","PDC",0.826
"2","2","0","1","1","0","PDC",0.73
"0","2","0","1","1","0","PDC",0.692
"2","0","0","1","1","0","PDC",0.626
"0","0","0","1","1","0","PDC",0.588
"2","1","0","1","1","0","PDC",0.74
"0","1","0","1","1","0","PDC",0.67
"2","2","1","1","1","0","PDC",0.794
"0","2","1","1","1","0","PDC",0.792
"2","0","1","1","1","0","PDC",0.72
"0","0","1","1","1","0","PDC",0.704
"2","1","1","1","1","0","PDC",0.79
"0","1","1","1","1","0","PDC",0.756
"2","2","2","2","2","2","PL",0.99
"0","2","2","2","2","2","PL",0.946
"2","0","2","2","2","2","PL",0.99
"0","0","2","2","2","2","PL",0.928
"2","1","2","2","2","2","PL",0.99
"0","1","2","2","2","2","PL",0.916
"2","2","0","2","2","2","PL",0.838
"0","2","0","2","2","2","PL",0.75
"2","0","0","2","2","2","PL",0.69
"0","0","0","2","2","2","PL",0.616
"2","1","0","2","2","2","PL",0.946
"0","1","0","2","2","2","PL",0.816
"2","2","1","2","2","2","PL",0.88
"0","2","1","2","2","2","PL",0.828
"2","0","1","2","2","2","PL",0.81
"0","0","1","2","2","2","PL",0.758
"2","1","1","2","2","2","PL",0.932
"0","1","1","2","2","2","PL",0.854
"2","2","2","0","2","2","PL",0.822
"0","2","2","0","2","2","PL",0.64
"2","0","2","0","2","2","PL",0.804
"0","0","2","0","2","2","PL",0.612
"2","1","2","0","2","2","PL",0.864
"0","1","2","0","2","2","PL",0.648
"2","2","0","0","2","2","PL",0.522
"0","2","0","0","2","2","PL",0.272
"2","0","0","0","2","2","PL",0.428
"0","0","0","0","2","2","PL",0.206
"2","1","0","0","2","2","PL",0.738
"0","1","0","0","2","2","PL",0.43
"2","2","1","0","2","2","PL",0.536
"0","2","1","0","2","2","PL",0.348
"2","0","1","0","2","2","PL",0.468
"0","0","1","0","2","2","PL",0.29
"2","1","1","0","2","2","PL",0.68
"0","1","1","0","2","2","PL",0.448
"2","2","2","1","2","2","PL",0.964
"0","2","2","1","2","2","PL",0.934
"2","0","2","1","2","2","PL",0.928
"0","0","2","1","2","2","PL",0.886
"2","1","2","1","2","2","PL",0.978
"0","1","2","1","2","2","PL",0.908
"2","2","0","1","2","2","PL",0.772
"0","2","0","1","2","2","PL",0.726
"2","0","0","1","2","2","PL",0.602
"0","0","0","1","2","2","PL",0.57
"2","1","0","1","2","2","PL",0.918
"0","1","0","1","2","2","PL",0.804
"2","2","1","1","2","2","PL",0.836
"0","2","1","1","2","2","PL",0.822
"2","0","1","1","2","2","PL",0.728
"0","0","1","1","2","2","PL",0.71
"2","1","1","1","2","2","PL",0.91
"0","1","1","1","2","2","PL",0.846
"2","2","2","2","0","2","PL",0.99
"0","2","2","2","0","2","PL",0.902
"2","0","2","2","0","2","PL",0.986
"0","0","2","2","0","2","PL",0.888
"2","1","2","2","0","2","PL",0.99
"0","1","2","2","0","2","PL",0.882
"2","2","0","2","0","2","PL",0.616
"0","2","0","2","0","2","PL",0.58
"2","0","0","2","0","2","PL",0.464
"0","0","0","2","0","2","PL",0.446
"2","1","0","2","0","2","PL",0.782
"0","1","0","2","0","2","PL",0.682
"2","2","1","2","0","2","PL",0.748
"0","2","1","2","0","2","PL",0.7
"2","0","1","2","0","2","PL",0.674
"0","0","1","2","0","2","PL",0.632
"2","1","1","2","0","2","PL",0.832
"0","1","1","2","0","2","PL",0.748
"2","2","2","0","0","2","PL",0.798
"0","2","2","0","0","2","PL",0.61
"2","0","2","0","0","2","PL",0.77
"0","0","2","0","0","2","PL",0.57
"2","1","2","0","0","2","PL",0.832
"0","1","2","0","0","2","PL",0.6
"2","2","0","0","0","2","PL",0.258
"0","2","0","0","0","2","PL",0.14
"2","0","0","0","0","2","PL",0.148
"0","0","0","0","0","2","PL",0.052
"2","1","0","0","0","2","PL",0.422
"0","1","0","0","0","2","PL",0.23
"2","2","1","0","0","2","PL",0.346
"0","2","1","0","0","2","PL",0.238
"2","0","1","0","0","2","PL",0.262
"0","0","1","0","0","2","PL",0.164
"2","1","1","0","0","2","PL",0.474
"0","1","1","0","0","2","PL",0.304
"2","2","2","1","0","2","PL",0.898
"0","2","2","1","0","2","PL",0.852
"2","0","2","1","0","2","PL",0.852
"0","0","2","1","0","2","PL",0.802
"2","1","2","1","0","2","PL",0.908
"0","1","2","1","0","2","PL",0.83
"2","2","0","1","0","2","PL",0.472
"0","2","0","1","0","2","PL",0.506
"2","0","0","1","0","2","PL",0.28
"0","0","0","1","0","2","PL",0.34
"2","1","0","1","0","2","PL",0.638
"0","1","0","1","0","2","PL",0.6
"2","2","1","1","0","2","PL",0.622
"0","2","1","1","0","2","PL",0.638
"2","0","1","1","0","2","PL",0.496
"0","0","1","1","0","2","PL",0.52
"2","1","1","1","0","2","PL",0.706
"0","1","1","1","0","2","PL",0.672
"2","2","2","2","1","2","PL",0.976
"0","2","2","2","1","2","PL",0.902
"2","0","2","2","1","2","PL",0.97
"0","0","2","2","1","2","PL",0.888
"2","1","2","2","1","2","PL",0.972
"0","1","2","2","1","2","PL",0.876
"2","2","0","2","1","2","PL",0.792
"0","2","0","2","1","2","PL",0.69
"2","0","0","2","1","2","PL",0.65
"0","0","0","2","1","2","PL",0.568
"2","1","0","2","1","2","PL",0.898
"0","1","0","2","1","2","PL",0.754
"2","2","1","2","1","2","PL",0.838
"0","2","1","2","1","2","PL",0.77
"2","0","1","2","1","2","PL",0.774
"0","0","1","2","1","2","PL",0.71
"2","1","1","2","1","2","PL",0.89
"0","1","1","2","1","2","PL",0.796
"2","2","2","0","1","2","PL",0.79
"0","2","2","0","1","2","PL",0.596
"2","0","2","0","1","2","PL",0.772
"0","0","2","0","1","2","PL",0.572
"2","1","2","0","1","2","PL",0.822
"0","1","2","0","1","2","PL",0.596
"2","2","0","0","1","2","PL",0.462
"0","2","0","0","1","2","PL",0.224
"2","0","0","0","1","2","PL",0.372
"0","0","0","0","1","2","PL",0.166
"2","1","0","0","1","2","PL",0.646
"0","1","0","0","1","2","PL",0.352
"2","2","1","0","1","2","PL",0.488
"0","2","1","0","1","2","PL",0.304
"2","0","1","0","1","2","PL",0.424
"0","0","1","0","1","2","PL",0.252
"2","1","1","0","1","2","PL",0.616
"0","1","1","0","1","2","PL",0.39
"2","2","2","1","1","2","PL",0.944
"0","2","2","1","1","2","PL",0.89
"2","0","2","1","1","2","PL",0.908
"0","0","2","1","1","2","PL",0.846
"2","1","2","1","1","2","PL",0.958
"0","1","2","1","1","2","PL",0.868
"2","2","0","1","1","2","PL",0.722
"0","2","0","1","1","2","PL",0.66
"2","0","0","1","1","2","PL",0.556
"0","0","0","1","1","2","PL",0.514
"2","1","0","1","1","2","PL",0.86
"0","1","0","1","1","2","PL",0.734
"2","2","1","1","1","2","PL",0.792
"0","2","1","1","1","2","PL",0.762
"2","0","1","1","1","2","PL",0.688
"0","0","1","1","1","2","PL",0.658
"2","1","1","1","1","2","PL",0.86
"0","1","1","1","1","2","PL",0.784
"2","2","2","2","2","0","PL",0.99
"0","2","2","2","2","0","PL",0.966
"2","0","2","2","2","0","PL",0.982
"0","0","2","2","2","0","PL",0.938
"2","1","2","2","2","0","PL",0.986
"0","1","2","2","2","0","PL",0.93
"2","2","0","2","2","0","PL",0.82
"0","2","0","2","2","0","PL",0.746
"2","0","0","2","2","0","PL",0.688
"0","0","0","2","2","0","PL",0.628
"2","1","0","2","2","0","PL",0.896
"0","1","0","2","2","0","PL",0.784
"2","2","1","2","2","0","PL",0.886
"0","2","1","2","2","0","PL",0.846
"2","0","1","2","2","0","PL",0.814
"0","0","1","2","2","0","PL",0.774
"2","1","1","2","2","0","PL",0.924
"0","1","1","2","2","0","PL",0.86
"2","2","2","0","2","0","PL",0.708
"0","2","2","0","2","0","PL",0.534
"2","0","2","0","2","0","PL",0.69
"0","0","2","0","2","0","PL",0.51
"2","1","2","0","2","0","PL",0.744
"0","1","2","0","2","0","PL",0.544
"2","2","0","0","2","0","PL",0.37
"0","2","0","0","2","0","PL",0.116
"2","0","0","0","2","0","PL",0.316
"0","0","0","0","2","0","PL",0.096
"2","1","0","0","2","0","PL",0.54
"0","1","0","0","2","0","PL",0.248
"2","2","1","0","2","0","PL",0.428
"0","2","1","0","2","0","PL",0.234
"2","0","1","0","2","0","PL",0.38
"0","0","1","0","2","0","PL",0.2
"2","1","1","0","2","0","PL",0.542
"0","1","1","0","2","0","PL",0.318
"2","2","2","1","2","0","PL",0.97
"0","2","2","1","2","0","PL",0.96
"2","0","2","1","2","0","PL",0.922
"0","0","2","1","2","0","PL",0.9
"2","1","2","1","2","0","PL",0.97
"0","1","2","1","2","0","PL",0.926
"2","2","0","1","2","0","PL",0.774
"0","2","0","1","2","0","PL",0.738
"2","0","0","1","2","0","PL",0.618
"0","0","0","1","2","0","PL",0.596
"2","1","0","1","2","0","PL",0.872
"0","1","0","1","2","0","PL",0.776
"2","2","1","1","2","0","PL",0.85
"0","2","1","1","2","0","PL",0.846
"2","0","1","1","2","0","PL",0.742
"0","0","1","1","2","0","PL",0.732
"2","1","1","1","2","0","PL",0.904
"0","1","1","1","2","0","PL",0.856
"2","2","2","2","0","0","PL",0.988
"0","2","2","2","0","0","PL",0.908
"2","0","2","2","0","0","PL",0.97
"0","0","2","2","0","0","PL",0.884
"2","1","2","2","0","0","PL",0.984
"0","1","2","2","0","0","PL",0.882
"2","2","0","2","0","0","PL",0.662
"0","2","0","2","0","0","PL",0.62
"2","0","0","2","0","0","PL",0.526
"0","0","0","2","0","0","PL",0.5
"2","1","0","2","0","0","PL",0.774
"0","1","0","2","0","0","PL",0.67
"2","2","1","2","0","0","PL",0.786
"0","2","1","2","0","0","PL",0.74
"2","0","1","2","0","0","PL",0.712
"0","0","1","2","0","0","PL",0.67
"2","1","1","2","0","0","PL",0.848
"0","1","1","2","0","0","PL",0.764
"2","2","2","0","0","0","PL",0.706
"0","2","2","0","0","0","PL",0.522
"2","0","2","0","0","0","PL",0.68
"0","0","2","0","0","0","PL",0.49
"2","1","2","0","0","0","PL",0.736
"0","1","2","0","0","0","PL",0.518
"2","2","0","0","0","0","PL",0.238
"0","2","0","0","0","0","PL",0.096
"2","0","0","0","0","0","PL",0.168
"0","0","0","0","0","0","PL",0.052
"2","1","0","0","0","0","PL",0.362
"0","1","0","0","0","0","PL",0.166
"2","2","1","0","0","0","PL",0.328
"0","2","1","0","0","0","PL",0.202
"2","0","1","0","0","0","PL",0.27
"0","0","1","0","0","0","PL",0.154
"2","1","1","0","0","0","PL",0.428
"0","1","1","0","0","0","PL",0.254
"2","2","2","1","0","0","PL",0.912
"0","2","2","1","0","0","PL",0.876
"2","0","2","1","0","0","PL",0.856
"0","0","2","1","0","0","PL",0.816
"2","1","2","1","0","0","PL",0.91
"0","1","2","1","0","0","PL",0.846
"2","2","0","1","0","0","PL",0.556
"0","2","0","1","0","0","PL",0.578
"2","0","0","1","0","0","PL",0.38
"0","0","0","1","0","0","PL",0.426
"2","1","0","1","0","0","PL",0.66
"0","1","0","1","0","0","PL",0.614
"2","2","1","1","0","0","PL",0.688
"0","2","1","1","0","0","PL",0.702
"2","0","1","1","0","0","PL",0.566
"0","0","1","1","0","0","PL",0.584
"2","1","1","1","0","0","PL",0.748
"0","1","1","1","0","0","PL",0.714
"2","2","2","2","1","0","PL",0.97
"0","2","2","2","1","0","PL",0.91
"2","0","2","2","1","0","PL",0.952
"0","0","2","2","1","0","PL",0.886
"2","1","2","2","1","0","PL",0.954
"0","1","2","2","1","0","PL",0.872
"2","2","0","2","1","0","PL",0.768
"0","2","0","2","1","0","PL",0.676
"2","0","0","2","1","0","PL",0.64
"0","0","0","2","1","0","PL",0.568
"2","1","0","2","1","0","PL",0.838
"0","1","0","2","1","0","PL",0.706
"2","2","1","2","1","0","PL",0.836
"0","2","1","2","1","0","PL",0.774
"2","0","1","2","1","0","PL",0.768
"0","0","1","2","1","0","PL",0.71
"2","1","1","2","1","0","PL",0.872
"0","1","1","2","1","0","PL",0.784
"2","2","2","0","1","0","PL",0.68
"0","2","2","0","1","0","PL",0.488
"2","0","2","0","1","0","PL",0.66
"0","0","2","0","1","0","PL",0.466
"2","1","2","0","1","0","PL",0.708
"0","1","2","0","1","0","PL",0.49
"2","2","0","0","1","0","PL",0.338
"0","2","0","0","1","0","PL",0.092
"2","0","0","0","1","0","PL",0.282
"0","0","0","0","1","0","PL",0.074
"2","1","0","0","1","0","PL",0.478
"0","1","0","0","1","0","PL",0.194
"2","2","1","0","1","0","PL",0.394
"0","2","1","0","1","0","PL",0.198
"2","0","1","0","1","0","PL",0.346
"0","0","1","0","1","0","PL",0.166
"2","1","1","0","1","0","PL",0.494
"0","1","1","0","1","0","PL",0.268
"2","2","2","1","1","0","PL",0.944
"0","2","2","1","1","0","PL",0.904
"2","0","2","1","1","0","PL",0.896
"0","0","2","1","1","0","PL",0.848
"2","1","2","1","1","0","PL",0.94
"0","1","2","1","1","0","PL",0.868
"2","2","0","1","1","0","PL",0.718
"0","2","0","1","1","0","PL",0.662
"2","0","0","1","1","0","PL",0.564
"0","0","0","1","1","0","PL",0.528
"2","1","0","1","1","0","PL",0.804
"0","1","0","1","1","0","PL",0.69
"2","2","1","1","1","0","PL",0.798
"0","2","1","1","1","0","PL",0.772
"2","0","1","1","1","0","PL",0.692
"0","0","1","1","1","0","PL",0.664
"2","1","1","1","1","0","PL",0.844
"0","1","1","1","1","0","PL",0.776
"2","2","2","2","2","2","REQ",0.99
"0","2","2","2","2","2","REQ",0.952
"2","0","2","2","2","2","REQ",0.99
"0","0","2","2","2","2","REQ",0.93
"2","1","2","2","2","2","REQ",0.984
"0","1","2","2","2","2","REQ",0.898
"2","2","0","2","2","2","REQ",0.904
"0","2","0","2","2","2","REQ",0.808
"2","0","0","2","2","2","REQ",0.83
"0","0","0","2","2","2","REQ",0.722
"2","1","0","2","2","2","REQ",0.954
"0","1","0","2","2","2","REQ",0.828
"2","2","1","2","2","2","REQ",0.918
"0","2","1","2","2","2","REQ",0.87
"2","0","1","2","2","2","REQ",0.886
"0","0","1","2","2","2","REQ",0.82
"2","1","1","2","2","2","REQ",0.942
"0","1","1","2","2","2","REQ",0.864
"2","2","2","0","2","2","REQ",0.814
"0","2","2","0","2","2","REQ",0.654
"2","0","2","0","2","2","REQ",0.798
"0","0","2","0","2","2","REQ",0.618
"2","1","2","0","2","2","REQ",0.806
"0","1","2","0","2","2","REQ",0.598
"2","2","0","0","2","2","REQ",0.598
"0","2","0","0","2","2","REQ",0.412
"2","0","0","0","2","2","REQ",0.554
"0","0","0","0","2","2","REQ",0.358
"2","1","0","0","2","2","REQ",0.724
"0","1","0","0","2","2","REQ",0.482
"2","2","1","0","2","2","REQ",0.594
"0","2","1","0","2","2","REQ",0.446
"2","0","1","0","2","2","REQ",0.564
"0","0","1","0","2","2","REQ",0.398
"2","1","1","0","2","2","REQ",0.678
"0","1","1","0","2","2","REQ",0.482
"2","2","2","1","2","2","REQ",0.972
"0","2","2","1","2","2","REQ",0.94
"2","0","2","1","2","2","REQ",0.94
"0","0","2","1","2","2","REQ",0.89
"2","1","2","1","2","2","REQ",0.97
"0","1","2","1","2","2","REQ",0.89
"2","2","0","1","2","2","REQ",0.844
"0","2","0","1","2","2","REQ",0.776
"2","0","0","1","2","2","REQ",0.738
"0","0","0","1","2","2","REQ",0.664
"2","1","0","1","2","2","REQ",0.93
"0","1","0","1","2","2","REQ",0.812
"2","2","1","1","2","2","REQ",0.878
"0","2","1","1","2","2","REQ",0.86
"2","0","1","1","2","2","REQ",0.808
"0","0","1","1","2","2","REQ",0.768
"2","1","1","1","2","2","REQ",0.92
"0","1","1","1","2","2","REQ",0.852
"2","2","2","2","0","2","REQ",0.99
"0","2","2","2","0","2","REQ",0.91
"2","0","2","2","0","2","REQ",0.988
"0","0","2","2","0","2","REQ",0.892
"2","1","2","2","0","2","REQ",0.99
"0","1","2","2","0","2","REQ",0.876
"2","2","0","2","0","2","REQ",0.808
"0","2","0","2","0","2","REQ",0.716
"2","0","0","2","0","2","REQ",0.732
"0","0","0","2","0","2","REQ",0.632
"2","1","0","2","0","2","REQ",0.878
"0","1","0","2","0","2","REQ",0.75
"2","2","1","2","0","2","REQ",0.852
"0","2","1","2","0","2","REQ",0.788
"2","0","1","2","0","2","REQ",0.816
"0","0","1","2","0","2","REQ",0.74
"2","1","1","2","0","2","REQ",0.886
"0","1","1","2","0","2","REQ",0.79
"2","2","2","0","0","2","REQ",0.794
"0","2","2","0","0","2","REQ",0.62
"2","0","2","0","0","2","REQ",0.778
"0","0","2","0","0","2","REQ",0.582
"2","1","2","0","0","2","REQ",0.796
"0","1","2","0","0","2","REQ",0.57
"2","2","0","0","0","2","REQ",0.434
"0","2","0","0","0","2","REQ",0.31
"2","0","0","0","0","2","REQ",0.388
"0","0","0","0","0","2","REQ",0.248
"2","1","0","0","0","2","REQ",0.51
"0","1","0","0","0","2","REQ",0.33
"2","2","1","0","0","2","REQ",0.474
"0","2","1","0","0","2","REQ",0.366
"2","0","1","0","0","2","REQ",0.436
"0","0","1","0","0","2","REQ",0.31
"2","1","1","0","0","2","REQ",0.542
"0","1","1","0","0","2","REQ",0.376
"2","2","2","1","0","2","REQ",0.918
"0","2","2","1","0","2","REQ",0.87
"2","0","2","1","0","2","REQ",0.882
"0","0","2","1","0","2","REQ",0.82
"2","1","2","1","0","2","REQ",0.924
"0","1","2","1","0","2","REQ",0.834
"2","2","0","1","0","2","REQ",0.668
"0","2","0","1","0","2","REQ",0.634
"2","0","0","1","0","2","REQ",0.55
"0","0","0","1","0","2","REQ",0.518
"2","1","0","1","0","2","REQ",0.756
"0","1","0","1","0","2","REQ",0.674
"2","2","1","1","0","2","REQ",0.744
"0","2","1","1","0","2","REQ",0.732
"2","0","1","1","0","2","REQ",0.664
"0","0","1","1","0","2","REQ",0.638
"2","1","1","1","0","2","REQ",0.784
"0","1","1","1","0","2","REQ",0.724
"2","2","2","2","1","2","REQ",0.976
"0","2","2","2","1","2","REQ",0.908
"2","0","2","2","1","2","REQ",0.972
"0","0","2","2","1","2","REQ",0.89
"2","1","2","2","1","2","REQ",0.962
"0","1","2","2","1","2","REQ",0.858
"2","2","0","2","1","2","REQ",0.866
"0","2","0","2","1","2","REQ",0.752
"2","0","0","2","1","2","REQ",0.8
"0","0","0","2","1","2","REQ",0.68
"2","1","0","2","1","2","REQ",0.914
"0","1","0","2","1","2","REQ",0.772
"2","2","1","2","1","2","REQ",0.88
"0","2","1","2","1","2","REQ",0.814
"2","0","1","2","1","2","REQ",0.854
"0","0","1","2","1","2","REQ",0.774
"2","1","1","2","1","2","REQ",0.902
"0","1","1","2","1","2","REQ",0.808
"2","2","2","0","1","2","REQ",0.782
"0","2","2","0","1","2","REQ",0.606
"2","0","2","0","1","2","REQ",0.766
"0","0","2","0","1","2","REQ",0.576
"2","1","2","0","1","2","REQ",0.768
"0","1","2","0","1","2","REQ",0.544
"2","2","0","0","1","2","REQ",0.55
"0","2","0","0","1","2","REQ",0.356
"2","0","0","0","1","2","REQ",0.512
"0","0","0","0","1","2","REQ",0.316
"2","1","0","0","1","2","REQ",0.65
"0","1","0","0","1","2","REQ",0.4
"2","2","1","0","1","2","REQ",0.554
"0","2","1","0","1","2","REQ",0.398
"2","0","1","0","1","2","REQ",0.526
"0","0","1","0","1","2","REQ",0.358
"2","1","1","0","1","2","REQ",0.626
"0","1","1","0","1","2","REQ",0.422
"2","2","2","1","1","2","REQ",0.95
"0","2","2","1","1","2","REQ",0.896
"2","0","2","1","1","2","REQ",0.918
"0","0","2","1","1","2","REQ",0.85
"2","1","2","1","1","2","REQ",0.95
"0","1","2","1","1","2","REQ",0.85
"2","2","0","1","1","2","REQ",0.8
"0","2","0","1","1","2","REQ",0.716
"2","0","0","1","1","2","REQ",0.702
"0","0","0","1","1","2","REQ",0.618
"2","1","0","1","1","2","REQ",0.884
"0","1","0","1","1","2","REQ",0.752
"2","2","1","1","1","2","REQ",0.836
"0","2","1","1","1","2","REQ",0.802
"2","0","1","1","1","2","REQ",0.772
"0","0","1","1","1","2","REQ",0.72
"2","1","1","1","1","2","REQ",0.876
"0","1","1","1","1","2","REQ",0.794
"2","2","2","2","2","0","REQ",0.99
"0","2","2","2","2","0","REQ",0.972
"2","0","2","2","2","0","REQ",0.98
"0","0","2","2","2","0","REQ",0.936
"2","1","2","2","2","0","REQ",0.966
"0","1","2","2","2","0","REQ",0.898
"2","2","0","2","2","0","REQ",0.864
"0","2","0","2","2","0","REQ",0.794
"2","0","0","2","2","0","REQ",0.786
"0","0","0","2","2","0","REQ",0.704
"2","1","0","2","2","0","REQ",0.894
"0","1","0","2","2","0","REQ",0.792
"2","2","1","2","2","0","REQ",0.916
"0","2","1","2","2","0","REQ",0.89
"2","0","1","2","2","0","REQ",0.87
"0","0","1","2","2","0","REQ",0.826
"2","1","1","2","2","0","REQ",0.924
"0","1","1","2","2","0","REQ",0.864
"2","2","2","0","2","0","REQ",0.728
"0","2","2","0","2","0","REQ",0.578
"2","0","2","0","2","0","REQ",0.706
"0","0","2","0","2","0","REQ",0.536
"2","1","2","0","2","0","REQ",0.712
"0","1","2","0","2","0","REQ",0.512
"2","2","0","0","2","0","REQ",0.512
"0","2","0","0","2","0","REQ",0.338
"2","0","0","0","2","0","REQ",0.476
"0","0","0","0","2","0","REQ",0.296
"2","1","0","0","2","0","REQ",0.604
"0","1","0","0","2","0","REQ",0.382
"2","2","1","0","2","0","REQ",0.536
"0","2","1","0","2","0","REQ",0.396
"2","0","1","0","2","0","REQ",0.502
"0","0","1","0","2","0","REQ",0.346
"2","1","1","0","2","0","REQ",0.59
"0","1","1","0","2","0","REQ",0.406
"2","2","2","1","2","0","REQ",0.976
"0","2","2","1","2","0","REQ",0.968
"2","0","2","1","2","0","REQ",0.932
"0","0","2","1","2","0","REQ",0.904
"2","1","2","1","2","0","REQ",0.954
"0","1","2","1","2","0","REQ",0.896
"2","2","0","1","2","0","REQ",0.828
"0","2","0","1","2","0","REQ",0.782
"2","0","0","1","2","0","REQ",0.718
"0","0","0","1","2","0","REQ",0.666
"2","1","0","1","2","0","REQ",0.878
"0","1","0","1","2","0","REQ",0.782
"2","2","1","1","2","0","REQ",0.886
"0","2","1","1","2","0","REQ",0.89
"2","0","1","1","2","0","REQ",0.806
"0","0","1","1","2","0","REQ",0.786
"2","1","1","1","2","0","REQ",0.908
"0","1","1","1","2","0","REQ",0.86
"2","2","2","2","0","0","REQ",0.984
"0","2","2","2","0","0","REQ",0.916
"2","0","2","2","0","0","REQ",0.964
"0","0","2","2","0","0","REQ",0.882
"2","1","2","2","0","0","REQ",0.97
"0","1","2","2","0","0","REQ",0.864
"2","2","0","2","0","0","REQ",0.79
"0","2","0","2","0","0","REQ",0.716
"2","0","0","2","0","0","REQ",0.708
"0","0","0","2","0","0","REQ",0.624
"2","1","0","2","0","0","REQ",0.832
"0","1","0","2","0","0","REQ",0.718
"2","2","1","2","0","0","REQ",0.86
"0","2","1","2","0","0","REQ",0.812
"2","0","1","2","0","0","REQ",0.81
"0","0","1","2","0","0","REQ",0.748
"2","1","1","2","0","0","REQ",0.874
"0","1","1","2","0","0","REQ",0.788
"2","2","2","0","0","0","REQ",0.714
"0","2","2","0","0","0","REQ",0.552
"2","0","2","0","0","0","REQ",0.69
"0","0","2","0","0","0","REQ",0.508
"2","1","2","0","0","0","REQ",0.71
"0","1","2","0","0","0","REQ",0.498
"2","2","0","0","0","0","REQ",0.41
"0","2","0","0","0","0","REQ",0.296
"2","0","0","0","0","0","REQ",0.37
"0","0","0","0","0","0","REQ",0.242
"2","1","0","0","0","0","REQ",0.462
"0","1","0","0","0","0","REQ",0.298
"2","2","1","0","0","0","REQ",0.464
"0","2","1","0","0","0","REQ",0.362
"2","0","1","0","0","0","REQ",0.426
"0","0","1","0","0","0","REQ",0.304
"2","1","1","0","0","0","REQ",0.504
"0","1","1","0","0","0","REQ",0.35
"2","2","2","1","0","0","REQ",0.924
"0","2","2","1","0","0","REQ",0.892
"2","0","2","1","0","0","REQ",0.874
"0","0","2","1","0","0","REQ",0.826
"2","1","2","1","0","0","REQ",0.912
"0","1","2","1","0","0","REQ",0.836
"2","2","0","1","0","0","REQ",0.692
"0","2","0","1","0","0","REQ",0.67
"2","0","0","1","0","0","REQ",0.568
"0","0","0","1","0","0","REQ",0.546
"2","1","0","1","0","0","REQ",0.742
"0","1","0","1","0","0","REQ",0.668
"2","2","1","1","0","0","REQ",0.778
"0","2","1","1","0","0","REQ",0.78
"2","0","1","1","0","0","REQ",0.688
"0","0","1","1","0","0","REQ",0.672
"2","1","1","1","0","0","REQ",0.798
"0","1","1","1","0","0","REQ",0.748
"2","2","2","2","1","0","REQ",0.968
"0","2","2","2","1","0","REQ",0.914
"2","0","2","2","1","0","REQ",0.95
"0","0","2","2","1","0","REQ",0.882
"2","1","2","2","1","0","REQ",0.934
"0","1","2","2","1","0","REQ",0.84
"2","2","0","2","1","0","REQ",0.82
"0","2","0","2","1","0","REQ",0.726
"2","0","0","2","1","0","REQ",0.748
"0","0","0","2","1","0","REQ",0.648
"2","1","0","2","1","0","REQ",0.842
"0","1","0","2","1","0","REQ",0.718
"2","2","1","2","1","0","REQ",0.872
"0","2","1","2","1","0","REQ",0.82
"2","0","1","2","1","0","REQ",0.83
"0","0","1","2","1","0","REQ",0.764
"2","1","1","2","1","0","REQ",0.874
"0","1","1","2","1","0","REQ",0.79
"2","2","2","0","1","0","REQ",0.696
"0","2","2","0","1","0","REQ",0.526
"2","0","2","0","1","0","REQ",0.672
"0","0","2","0","1","0","REQ",0.488
"2","1","2","0","1","0","REQ",0.676
"0","1","2","0","1","0","REQ",0.458
"2","2","0","0","1","0","REQ",0.47
"0","2","0","0","1","0","REQ",0.286
"2","0","0","0","1","0","REQ",0.436
"0","0","0","0","1","0","REQ",0.254
"2","1","0","0","1","0","REQ",0.538
"0","1","0","0","1","0","REQ",0.306
"2","2","1","0","1","0","REQ",0.5
"0","2","1","0","1","0","REQ",0.348
"2","0","1","0","1","0","REQ",0.466
"0","0","1","0","1","0","REQ",0.304
"2","1","1","0","1","0","REQ",0.544
"0","1","1","0","1","0","REQ",0.35
"2","2","2","1","1","0","REQ",0.948
"0","2","2","1","1","0","REQ",0.91
"2","0","2","1","1","0","REQ",0.904
"0","0","2","1","1","0","REQ",0.85
"2","1","2","1","1","0","REQ",0.924
"0","1","2","1","1","0","REQ",0.838
"2","2","0","1","1","0","REQ",0.778
"0","2","0","1","1","0","REQ",0.71
"2","0","0","1","1","0","REQ",0.674
"0","0","0","1","1","0","REQ",0.606
"2","1","0","1","1","0","REQ",0.82
"0","1","0","1","1","0","REQ",0.704
"2","2","1","1","1","0","REQ",0.838
"0","2","1","1","1","0","REQ",0.818
"2","0","1","1","1","0","REQ",0.762
"0","0","1","1","1","0","REQ",0.722
"2","1","1","1","1","0","REQ",0.854
"0","1","1","1","1","0","REQ",0.784
"Sim","Sim","Sim","Sim","Sim","Sim","PEC",0.978995728085975
"Não","Sim","Sim","Sim","Sim","Sim","PEC",0.871812378202091
"Sim","Não","Sim","Sim","Sim","Sim","PEC",0.810000861792922
"Não","Não","Sim","Sim","Sim","Sim","PEC",0.493949306915609
"Sim","Liberado","Sim","Sim","Sim","Sim","PEC",0.828160920981816
"Não","Liberado","Sim","Sim","Sim","Sim","PEC",0.780569566034358
"Sim","Sim","Não","Sim","Sim","Sim","PEC",0.488438400298959
"Não","Sim","Não","Sim","Sim","Sim","PEC",0.4302963902585
"Sim","Não","Não","Sim","Sim","Sim","PEC",0.406365465584625
"Não","Não","Não","Sim","Sim","Sim","PEC",0.364728663102387
"Sim","Liberado","Não","Sim","Sim","Sim","PEC",0.416465420028969
"Não","Liberado","Não","Sim","Sim","Sim","PEC",0.386978046312622
"Sim","Sim","Liberado","Sim","Sim","Sim","PEC",0.810279839981186
"Não","Sim","Liberado","Sim","Sim","Sim","PEC",0.48814294510153
"Sim","Não","Liberado","Sim","Sim","Sim","PEC",0.452426013860576
"Não","Não","Liberado","Sim","Sim","Sim","PEC",0.418620512287748
"Sim","Liberado","Liberado","Sim","Sim","Sim","PEC",0.462487344346748
"Não","Liberado","Liberado","Sim","Sim","Sim","PEC",0.443325182803689
"Sim","Sim","Sim","Não","Sim","Sim","PEC",0.759183380385764
"Não","Sim","Sim","Não","Sim","Sim","PEC",0.434106534757999
"Sim","Não","Sim","Não","Sim","Sim","PEC",0.423796285466813
"Não","Não","Sim","Não","Sim","Sim","PEC",0.367586865826367
"Sim","Liberado","Sim","Não","Sim","Sim","PEC",0.43717997318574
"Não","Liberado","Sim","Não","Sim","Sim","PEC",0.392218668719539
"Sim","Sim","Não","Não","Sim","Sim","PEC",0.367081047325548
"Não","Sim","Não","Não","Sim","Sim","PEC",0.309132641189466
"Sim","Não","Não","Não","Sim","Sim","PEC",0.297713056141532
"Não","Não","Não","Não","Sim","Sim","PEC",0.247363799860673
"Sim","Liberado","Não","Não","Sim","Sim","PEC",0.311327301966747
"Não","Liberado","Não","Não","Sim","Sim","PEC",0.268536663390537
"Sim","Sim","Liberado","Não","Sim","Sim","PEC",0.419888352054675
"Não","Sim","Liberado","Não","Sim","Sim","PEC",0.369325458073515
"Sim","Não","Liberado","Não","Sim","Sim","PEC",0.346885451630742
"Não","Não","Liberado","Não","Sim","Sim","PEC",0.304679605270106
"Sim","Liberado","Liberado","Não","Sim","Sim","PEC",0.359532091591436
"Não","Liberado","Liberado","Não","Sim","Sim","PEC",0.329639054641889
"Sim","Sim","Sim","Liberado","Sim","Sim","PEC",0.815934428439872
"Não","Sim","Sim","Liberado","Sim","Sim","PEC",0.491706951257967
"Sim","Não","Sim","Liberado","Sim","Sim","PEC",0.454721407481477
"Não","Não","Sim","Liberado","Sim","Sim","PEC",0.420889057656994
"Sim","Liberado","Sim","Liberado","Sim","Sim","PEC",0.465261703055051
"Não","Liberado","Sim","Liberado","Sim","Sim","PEC",0.445434194233781
"Sim","Sim","Não","Liberado","Sim","Sim","PEC",0.40708934084527
"Não","Sim","Não","Liberado","Sim","Sim","PEC",0.370816535569878
"Sim","Não","Não","Liberado","Sim","Sim","PEC",0.333615324569942
"Não","Não","Não","Liberado","Sim","Sim","PEC",0.307823548365167
"Sim","Liberado","Não","Liberado","Sim","Sim","PEC",0.344350614419134
"Não","Liberado","Não","Liberado","Sim","Sim","PEC",0.330587657825
"Sim","Sim","Liberado","Liberado","Sim","Sim","PEC",0.464338275604463
"Não","Sim","Liberado","Liberado","Sim","Sim","PEC",0.433879454945851
"Sim","Não","Liberado","Liberado","Sim","Sim","PEC",0.386232454133348
"Não","Não","Liberado","Liberado","Sim","Sim","PEC",0.367251553833824
"Sim","Liberado","Liberado","Liberado","Sim","Sim","PEC",0.396230069039256
"Não","Liberado","Liberado","Liberado","Sim","Sim","PEC",0.392037592249846
"Sim","Sim","Sim","Sim","Não","Sim","PEC",0.799779105636946
"Não","Sim","Sim","Sim","Não","Sim","PEC",0.486142194928804
"Sim","Não","Sim","Sim","Não","Sim","PEC",0.418740795099461
"Não","Não","Sim","Sim","Não","Sim","PEC",0.3973092231769
"Sim","Liberado","Sim","Sim","Não","Sim","PEC",0.428267379991275
"Não","Liberado","Sim","Sim","Não","Sim","PEC",0.421579312200893
"Sim","Sim","Não","Sim","Não","Sim","PEC",0.41711934584994
"Não","Sim","Não","Sim","Não","Sim","PEC",0.363011206417446
"Sim","Não","Não","Sim","Não","Sim","PEC",0.331523613086022
"Não","Não","Não","Sim","Não","Sim","PEC",0.293139783642961
"Sim","Liberado","Não","Sim","Não","Sim","PEC",0.341791636744152
"Não","Liberado","Não","Sim","Não","Sim","PEC",0.31224853543165
"Sim","Sim","Liberado","Sim","Não","Sim","PEC",0.45767750420213
"Não","Sim","Liberado","Sim","Não","Sim","PEC",0.416068066953893
"Sim","Não","Liberado","Sim","Não","Sim","PEC",0.36742123363636
"Não","Não","Liberado","Sim","Não","Sim","PEC",0.342648530835243
"Sim","Liberado","Liberado","Sim","Não","Sim","PEC",0.377871356086779
"Não","Liberado","Liberado","Sim","Não","Sim","PEC",0.365852924162894
"Sim","Sim","Sim","Não","Não","Sim","PEC",0.443322202988858
"Não","Sim","Sim","Não","Não","Sim","PEC",0.37121693703598
"Sim","Não","Sim","Não","Não","Sim","PEC",0.357359835445844
"Não","Não","Sim","Não","Não","Sim","PEC",0.302623865375111
"Sim","Liberado","Sim","Não","Não","Sim","PEC",0.372651237596207
"Não","Liberado","Sim","Não","Não","Sim","PEC",0.325206752486023
"Sim","Sim","Não","Não","Não","Sim","PEC",0.319962978759491
"Não","Sim","Não","Não","Não","Sim","PEC",0.24811810015287
"Sim","Não","Não","Não","Não","Sim","PEC",0.241730380221354
"Não","Não","Não","Não","Não","Sim","PEC",0.179416938354071
"Sim","Liberado","Não","Não","Não","Sim","PEC",0.258489235372465
"Não","Liberado","Não","Não","Não","Sim","PEC",0.195647895409012
"Sim","Sim","Liberado","Não","Não","Sim","PEC",0.373298901603685
"Não","Sim","Liberado","Não","Não","Sim","PEC",0.314027072828709
"Sim","Não","Liberado","Não","Não","Sim","PEC",0.29467335678366
"Não","Não","Liberado","Não","Não","Sim","PEC",0.244657934514312
"Sim","Liberado","Liberado","Não","Não","Sim","PEC",0.310547424607747
"Não","Liberado","Liberado","Não","Não","Sim","PEC",0.267316571782286
"Sim","Sim","Sim","Liberado","Não","Sim","PEC",0.463605955722408
"Não","Sim","Sim","Liberado","Não","Sim","PEC",0.418627004481763
"Sim","Não","Sim","Liberado","Não","Sim","PEC",0.375445831803268
"Não","Não","Sim","Liberado","Não","Sim","PEC",0.349308981678515
"Sim","Liberado","Sim","Liberado","Não","Sim","PEC",0.386218482880951
"Não","Liberado","Sim","Liberado","Não","Sim","PEC",0.372541885323796
"Sim","Sim","Não","Liberado","Não","Sim","PEC",0.357203515266029
"Não","Sim","Não","Liberado","Não","Sim","PEC",0.309600781498409
"Sim","Não","Não","Liberado","Não","Sim","PEC",0.281453106065002
"Não","Não","Não","Liberado","Não","Sim","PEC",0.245043119469044
"Sim","Liberado","Não","Liberado","Não","Sim","PEC",0.294150440198637
"Não","Liberado","Não","Liberado","Não","Sim","PEC",0.264714948229049
"Sim","Sim","Liberado","Liberado","Não","Sim","PEC",0.405940958476395
"Não","Sim","Liberado","Liberado","Não","Sim","PEC",0.370636085043333
"Sim","Não","Liberado","Liberado","Não","Sim","PEC",0.327338592319747
"Não","Não","Liberado","Liberado","Não","Sim","PEC",0.303486057769356
"Sim","Liberado","Liberado","Liberado","Não","Sim","PEC",0.339589446003493
"Não","Liberado","Liberado","Liberado","Não","Sim","PEC",0.327320141136855
"Sim","Sim","Sim","Sim","Liberado","Sim","PEC",0.792983285698315
"Não","Sim","Sim","Sim","Liberado","Sim","PEC",0.486028015669709
"Sim","Não","Sim","Sim","Liberado","Sim","PEC",0.417709992185439
"Não","Não","Sim","Sim","Liberado","Sim","PEC",0.401133036237377
"Sim","Liberado","Sim","Sim","Liberado","Sim","PEC",0.426912403403355
"Não","Liberado","Sim","Sim","Liberado","Sim","PEC",0.42528848201094
"Sim","Sim","Não","Sim","Liberado","Sim","PEC",0.415188016347038
"Não","Sim","Não","Sim","Liberado","Sim","PEC",0.367347555782857
"Sim","Não","Não","Sim","Liberado","Sim","PEC",0.334351130648985
"Não","Não","Não","Sim","Liberado","Sim","PEC",0.301563571614816
"Sim","Liberado","Não","Sim","Liberado","Sim","PEC",0.343606905792121
"Não","Liberado","Não","Sim","Liberado","Sim","PEC",0.321028271614895
"Sim","Sim","Liberado","Sim","Liberado","Sim","PEC",0.455465802690543
"Não","Sim","Liberado","Sim","Liberado","Sim","PEC",0.419011315214215
"Sim","Não","Liberado","Sim","Liberado","Sim","PEC",0.368875902628862
"Não","Não","Liberado","Sim","Liberado","Sim","PEC",0.34932616686504
"Sim","Liberado","Liberado","Sim","Liberado","Sim","PEC",0.378566050768316
"Não","Liberado","Liberado","Sim","Liberado","Sim","PEC",0.372441158919257
"Sim","Sim","Sim","Não","Liberado","Sim","PEC",0.438931851903677
"Não","Sim","Sim","Não","Liberado","Sim","PEC",0.374453957009457
"Sim","Não","Sim","Não","Liberado","Sim","PEC",0.357810274993851
"Não","Não","Sim","Não","Liberado","Sim","PEC",0.310349719911252
"Sim","Liberado","Sim","Não","Liberado","Sim","PEC",0.371107188830525
"Não","Liberado","Sim","Não","Liberado","Sim","PEC",0.331824414347451
"Sim","Sim","Não","Não","Liberado","Sim","PEC",0.326493956984553
"Não","Sim","Não","Não","Liberado","Sim","PEC",0.263355934539468
"Sim","Não","Não","Não","Liberado","Sim","PEC",0.256757383952722
"Não","Não","Não","Não","Liberado","Sim","PEC",0.201371938804128
"Sim","Liberado","Não","Não","Liberado","Sim","PEC",0.270780467569816
"Não","Liberado","Não","Não","Liberado","Sim","PEC",0.216518179689801
"Sim","Sim","Liberado","Não","Liberado","Sim","PEC",0.374570636877787
"Não","Sim","Liberado","Não","Liberado","Sim","PEC",0.322911930414763
"Sim","Não","Liberado","Não","Liberado","Sim","PEC",0.302245535116977
"Não","Não","Liberado","Não","Liberado","Sim","PEC",0.258955255178765
"Sim","Liberado","Liberado","Não","Liberado","Sim","PEC",0.316061876829244
"Não","Liberado","Liberado","Não","Liberado","Sim","PEC",0.280796508703185
"Sim","Sim","Sim","Liberado","Liberado","Sim","PEC",0.460061488471313
"Não","Sim","Sim","Liberado","Liberado","Sim","PEC",0.420962344936499
"Sim","Não","Sim","Liberado","Liberado","Sim","PEC",0.375303967263255
"Não","Não","Sim","Liberado","Liberado","Sim","PEC",0.355122600352757
"Sim","Liberado","Sim","Liberado","Liberado","Sim","PEC",0.384804273489159
"Não","Liberado","Sim","Liberado","Liberado","Sim","PEC",0.377622232563013
"Sim","Sim","Não","Liberado","Liberado","Sim","PEC",0.36181568001266
"Não","Sim","Não","Liberado","Liberado","Sim","PEC",0.3208511115584
"Sim","Não","Não","Liberado","Liberado","Sim","PEC",0.290120874929896
"Não","Não","Não","Liberado","Liberado","Sim","PEC",0.259131573217829
"Sim","Liberado","Não","Liberado","Liberado","Sim","PEC",0.301688373666151
"Não","Liberado","Não","Liberado","Liberado","Sim","PEC",0.279006838030685
"Sim","Sim","Liberado","Liberado","Liberado","Sim","PEC",0.406875670698632
"Não","Sim","Liberado","Liberado","Liberado","Sim","PEC",0.377288857849127
"Sim","Não","Liberado","Liberado","Liberado","Sim","PEC",0.331788247093476
"Não","Não","Liberado","Liberado","Liberado","Sim","PEC",0.313334100488256
"Sim","Liberado","Liberado","Liberado","Liberado","Sim","PEC",0.342800049438755
"Não","Liberado","Liberado","Liberado","Liberado","Sim","PEC",0.336574526867362
"Sim","Sim","Sim","Sim","Sim","Não","PEC",0.861156502318135
"Não","Sim","Sim","Sim","Sim","Não","PEC",0.781211733687469
"Sim","Não","Sim","Sim","Sim","Não","PEC",0.494861368001545
"Não","Não","Sim","Sim","Sim","Não","PEC",0.45552992909581
"Sim","Liberado","Sim","Sim","Sim","Não","PEC",0.769073869334335
"Não","Liberado","Sim","Sim","Sim","Não","PEC",0.491024437334437
"Sim","Sim","Não","Sim","Sim","Não","PEC",0.42715985458852
"Não","Sim","Não","Sim","Sim","Não","PEC",0.379200271968231
"Sim","Não","Não","Sim","Sim","Não","PEC",0.36552015947939
"Não","Não","Não","Sim","Sim","Não","PEC",0.323989297748445
"Sim","Liberado","Não","Sim","Sim","Não","PEC",0.383783849358892
"Não","Liberado","Não","Sim","Sim","Não","PEC",0.357939135114103
"Sim","Sim","Liberado","Sim","Sim","Não","PEC",0.48223169750353
"Não","Sim","Liberado","Sim","Sim","Não","PEC",0.440666024579593
"Sim","Não","Liberado","Sim","Sim","Não","PEC",0.420967754224442
"Não","Não","Liberado","Sim","Sim","Não","PEC",0.389412627098702
"Sim","Liberado","Liberado","Sim","Sim","Não","PEC",0.439255416906006
"Não","Liberado","Liberado","Sim","Sim","Não","PEC",0.42545925433997
"Sim","Sim","Sim","Não","Sim","Não","PEC",0.44261789078493
"Não","Sim","Sim","Não","Sim","Não","PEC",0.378635277584556
"Sim","Não","Sim","Não","Sim","Não","PEC",0.379269105948824
"Não","Não","Sim","Não","Sim","Não","PEC",0.322366172586201
"Sim","Liberado","Sim","Não","Sim","Não","PEC",0.400304835225609
"Não","Liberado","Sim","Não","Sim","Não","PEC",0.357387930578181
"Sim","Sim","Não","Não","Sim","Não","PEC",0.322352660722266
"Não","Sim","Não","Não","Sim","Não","PEC",0.268930485072135
"Sim","Não","Não","Não","Sim","Não","PEC",0.254292065056755
"Não","Não","Não","Não","Sim","Não","PEC",0.198343211071213
"Sim","Liberado","Não","Não","Sim","Não","PEC",0.278045007790605
"Não","Liberado","Não","Não","Sim","Não","PEC",0.233509733258095
"Sim","Sim","Liberado","Não","Sim","Não","PEC",0.377776774566363
"Não","Sim","Liberado","Não","Sim","Não","PEC",0.331742657627965
"Sim","Não","Liberado","Não","Sim","Não","PEC",0.316668727029676
"Não","Não","Liberado","Não","Sim","Não","PEC",0.271540624108464
"Sim","Liberado","Liberado","Não","Sim","Não","PEC",0.339343521389254
"Não","Liberado","Liberado","Não","Sim","Não","PEC",0.309418837976286
"Sim","Sim","Sim","Liberado","Sim","Não","PEC",0.492182118372707
"Não","Sim","Sim","Liberado","Sim","Não","PEC",0.452257718114522
"Sim","Não","Sim","Liberado","Sim","Não","PEC",0.426262352082454
"Não","Não","Sim","Liberado","Sim","Não","PEC",0.395781540863196
"Sim","Liberado","Sim","Liberado","Sim","Não","PEC",0.443501798918618
"Não","Liberado","Sim","Liberado","Sim","Não","PEC",0.430190342260471
"Sim","Sim","Não","Liberado","Sim","Não","PEC",0.37626582376807
"Não","Sim","Não","Liberado","Sim","Não","PEC",0.346672399011286
"Sim","Não","Não","Liberado","Sim","Não","PEC",0.313431086036526
"Não","Não","Não","Liberado","Sim","Não","PEC",0.285234845781348
"Sim","Liberado","Não","Liberado","Sim","Não","PEC",0.332544665790305
"Não","Liberado","Não","Liberado","Sim","Não","PEC",0.320032129055834
"Sim","Sim","Liberado","Liberado","Sim","Não","PEC",0.435132954057724
"Não","Sim","Liberado","Liberado","Sim","Não","PEC",0.411941727800486
"Sim","Não","Liberado","Liberado","Sim","Não","PEC",0.374692799939909
"Não","Não","Liberado","Liberado","Sim","Não","PEC",0.356174411237363
"Sim","Liberado","Liberado","Liberado","Sim","Não","PEC",0.392770033972793
"Não","Liberado","Liberado","Liberado","Sim","Não","PEC",0.3920963442412
"Sim","Sim","Sim","Sim","Não","Não","PEC",0.4936458587983
"Não","Sim","Sim","Sim","Não","Não","PEC",0.452879887258388
"Sim","Não","Sim","Sim","Não","Não","PEC",0.412107600848153
"Não","Não","Sim","Sim","Não","Não","PEC",0.386885477579587
"Sim","Liberado","Sim","Sim","Não","Não","PEC",0.429796648451637
"Não","Liberado","Sim","Sim","Não","Não","PEC",0.420830018076386
"Sim","Sim","Não","Sim","Não","Não","PEC",0.364824452515018
"Não","Sim","Não","Sim","Não","Não","PEC",0.310847001691898
"Sim","Não","Não","Sim","Não","Não","PEC",0.298482816090537
"Não","Não","Não","Sim","Não","Não","PEC",0.251039085815613
"Sim","Liberado","Não","Sim","Não","Não","PEC",0.31672282828295
"Não","Liberado","Não","Sim","Não","Não","PEC",0.281474152148677
"Sim","Sim","Liberado","Sim","Não","Não","PEC",0.418859172418458
"Não","Sim","Liberado","Sim","Não","Não","PEC",0.378052001128318
"Sim","Não","Liberado","Sim","Não","Não","PEC",0.354293584392799
"Não","Não","Liberado","Sim","Não","Não","PEC",0.323334938075037
"Sim","Liberado","Liberado","Sim","Não","Não","PEC",0.373907207476638
"Não","Liberado","Liberado","Sim","Não","Não","PEC",0.358001081337848
"Sim","Sim","Sim","Não","Não","Não","PEC",0.38575943512941
"Não","Sim","Sim","Não","Não","Não","PEC",0.31329181843985
"Sim","Não","Sim","Não","Não","Não","PEC",0.318722197894999
"Não","Não","Sim","Não","Não","Não","PEC",0.255098013755147
"Sim","Liberado","Sim","Não","Não","Não","PEC",0.341684318809352
"Não","Liberado","Sim","Não","Não","Não","PEC",0.286159774790135
"Sim","Sim","Não","Não","Não","Não","PEC",0.247555191607784
"Não","Sim","Não","Não","Não","Não","PEC",0.170253314602063
"Sim","Não","Não","Não","Não","Não","PEC",0.175562052616818
"Não","Não","Não","Não","Não","Não","PEC",0.0977653479474421
"Sim","Liberado","Não","Não","Não","Não","PEC",0.197907595991676
"Não","Liberado","Não","Não","Não","Não","PEC",0.122810874584925
"Sim","Sim","Liberado","Não","Não","Não","PEC",0.317759140141911
"Não","Sim","Liberado","Não","Não","Não","PEC",0.254378121216723
"Sim","Não","Liberado","Não","Não","Não","PEC",0.252734377012406
"Não","Não","Liberado","Não","Não","Não","PEC",0.19199463970794
"Sim","Liberado","Liberado","Não","Não","Não","PEC",0.276966607602097
"Não","Liberado","Liberado","Não","Não","Não","PEC",0.224523731787028
"Sim","Sim","Sim","Liberado","Não","Não","PEC",0.432263862543414
"Não","Sim","Sim","Liberado","Não","Não","PEC",0.392060421660902
"Sim","Não","Sim","Liberado","Não","Não","PEC",0.364295791231248
"Não","Não","Sim","Liberado","Não","Não","PEC",0.334584035596077
"Sim","Liberado","Sim","Liberado","Não","Não","PEC",0.384279441836613
"Não","Liberado","Sim","Liberado","Não","Não","PEC",0.368482872913626
"Sim","Sim","Não","Liberado","Não","Não","PEC",0.316571300761289
"Não","Sim","Não","Liberado","Não","Não","PEC",0.26833943600529
"Sim","Não","Não","Liberado","Não","Não","PEC",0.251520733830383
"Não","Não","Não","Liberado","Não","Não","PEC",0.205536126824163
"Sim","Liberado","Não","Liberado","Não","Não","PEC",0.271774655120651
"Não","Liberado","Não","Liberado","Não","Não","PEC",0.236277551902266
"Sim","Sim","Liberado","Liberado","Não","Não","PEC",0.378247414065146
"Não","Sim","Liberado","Liberado","Não","Não","PEC",0.343277686333371
"Sim","Não","Liberado","Liberado","Não","Não","PEC",0.31579385260931
"Não","Não","Liberado","Liberado","Não","Não","PEC",0.286160565336516
"Sim","Liberado","Liberado","Liberado","Não","Não","PEC",0.337083246838181
"Não","Liberado","Liberado","Liberado","Não","Não","PEC",0.321195648379027
"Sim","Sim","Sim","Sim","Liberado","Não","PEC",0.491681969572228
"Não","Sim","Sim","Sim","Liberado","Não","PEC",0.455473582639608
"Sim","Não","Sim","Sim","Liberado","Não","PEC",0.41202624673561
"Não","Não","Sim","Sim","Liberado","Não","PEC",0.392119428200477
"Sim","Liberado","Sim","Sim","Liberado","Não","PEC",0.428086240312379
"Não","Liberado","Sim","Sim","Liberado","Não","PEC",0.424644445094029
"Sim","Sim","Não","Sim","Liberado","Não","PEC",0.370146900987253
"Não","Sim","Não","Sim","Liberado","Não","PEC",0.323292410239579
"Sim","Não","Não","Sim","Liberado","Não","PEC",0.307325615955068
"Não","Não","Não","Sim","Liberado","Não","PEC",0.266257630495216
"Sim","Liberado","Não","Sim","Liberado","Não","PEC",0.324206861173336
"Não","Liberado","Não","Sim","Liberado","Não","PEC",0.296722702712206
"Sim","Sim","Liberado","Sim","Liberado","Não","PEC",0.420641081253973
"Não","Sim","Liberado","Sim","Liberado","Não","PEC",0.385779632965111
"Sim","Não","Liberado","Sim","Liberado","Não","PEC",0.358568675538748
"Não","Não","Liberado","Sim","Liberado","Não","PEC",0.333547962686697
"Sim","Liberado","Liberado","Sim","Liberado","Não","PEC",0.375993343725055
"Não","Liberado","Liberado","Sim","Liberado","Não","PEC",0.366716300221196
"Sim","Sim","Sim","Não","Liberado","Não","PEC",0.390081393285778
"Não","Sim","Sim","Não","Liberado","Não","PEC",0.327985403074569
"Sim","Não","Sim","Não","Liberado","Não","PEC",0.326272322358481
"Não","Não","Sim","Não","Liberado","Não","PEC",0.272665967604147
"Sim","Liberado","Sim","Não","Liberado","Não","PEC",0.346388072165741
"Não","Liberado","Sim","Não","Liberado","Não","PEC",0.302353748037816
"Sim","Sim","Não","Não","Liberado","Não","PEC",0.269846849161436
"Não","Sim","Não","Não","Liberado","Não","PEC",0.204993889465257
"Sim","Não","Não","Não","Liberado","Não","PEC",0.203780404965744
"Não","Não","Não","Não","Liberado","Não","PEC",0.136738824223276
"Sim","Liberado","Não","Não","Liberado","Não","PEC",0.223558878194703
"Não","Liberado","Não","Não","Liberado","Não","PEC",0.161620393692778
"Sim","Sim","Liberado","Não","Liberado","Não","PEC",0.329588908297145
"Não","Sim","Liberado","Não","Liberado","Não","PEC",0.277568299375642
"Sim","Não","Liberado","Não","Liberado","Não","PEC",0.26934449461027
"Não","Não","Liberado","Não","Liberado","Não","PEC",0.218818686137423
"Sim","Liberado","Liberado","Não","Liberado","Não","PEC",0.290492033526088
"Não","Liberado","Liberado","Não","Liberado","Não","PEC",0.250110099909388
"Sim","Sim","Sim","Liberado","Liberado","Não","PEC",0.433162779555879
"Não","Sim","Sim","Liberado","Liberado","Não","PEC",0.399028062834197
"Sim","Não","Sim","Liberado","Liberado","Não","PEC",0.367244884682778
"Não","Não","Sim","Liberado","Liberado","Não","PEC",0.344058728630224
"Sim","Liberado","Sim","Liberado","Liberado","Não","PEC",0.384789677305426
"Não","Liberado","Sim","Liberado","Liberado","Não","PEC",0.376057781381809
"Sim","Sim","Não","Liberado","Liberado","Não","PEC",0.329141726465626
"Não","Sim","Não","Liberado","Liberado","Não","PEC",0.288533203675805
"Sim","Não","Não","Liberado","Liberado","Não","PEC",0.267082267793765
"Não","Não","Não","Liberado","Liberado","Não","PEC",0.227786444134954
"Sim","Liberado","Não","Liberado","Liberado","Não","PEC",0.285516883411045
"Não","Liberado","Não","Liberado","Liberado","Não","PEC",0.258062411121987
"Sim","Sim","Liberado","Liberado","Liberado","Não","PEC",0.384662708246035
"Não","Sim","Liberado","Liberado","Liberado","Não","PEC",0.356331709772873
"Sim","Não","Liberado","Liberado","Liberado","Não","PEC",0.324560725090607
"Não","Não","Liberado","Liberado","Liberado","Não","PEC",0.301371034182462
"Sim","Liberado","Liberado","Liberado","Liberado","Não","PEC",0.343269555764256
"Não","Liberado","Liberado","Liberado","Liberado","Não","PEC",0.334491524151512
"Sim","Sim","Sim","Sim","Sim","Sim","PLP",0.72047088253826
"Não","Sim","Sim","Sim","Sim","Sim","PLP",0.639924012742177
"Sim","Não","Sim","Sim","Sim","Sim","PLP",0.615473028323018
"Não","Não","Sim","Sim","Sim","Sim","PLP",0.556644088636822
"Sim","Liberado","Sim","Sim","Sim","Sim","PLP",0.629380602536326
"Não","Liberado","Sim","Sim","Sim","Sim","PLP",0.575800940820741
"Sim","Sim","Não","Sim","Sim","Sim","PLP",0.546089423546582
"Não","Sim","Não","Sim","Sim","Sim","PLP",0.486886143830201
"Sim","Não","Não","Sim","Sim","Sim","PLP",0.468255461650046
"Não","Não","Não","Sim","Sim","Sim","PLP",0.426815339822998
"Sim","Liberado","Não","Sim","Sim","Sim","PLP",0.482780607458299
"Não","Liberado","Não","Sim","Sim","Sim","PLP",0.447789364605792
"Sim","Sim","Liberado","Sim","Sim","Sim","PLP",0.597162523809085
"Não","Sim","Liberado","Sim","Sim","Sim","PLP",0.538163083937278
"Sim","Não","Liberado","Sim","Sim","Sim","PLP",0.519936426938503
"Não","Não","Liberado","Sim","Sim","Sim","PLP",0.478768247250599
"Sim","Liberado","Liberado","Sim","Sim","Sim","PLP",0.531568776406045
"Não","Liberado","Liberado","Sim","Sim","Sim","PLP",0.498269850233798
"Sim","Sim","Sim","Não","Sim","Sim","PLP",0.582958124793469
"Não","Sim","Sim","Não","Sim","Sim","PLP",0.50545262003708
"Sim","Não","Sim","Não","Sim","Sim","PLP",0.502930127044762
"Não","Não","Sim","Não","Sim","Sim","PLP",0.436439751422073
"Sim","Liberado","Sim","Não","Sim","Sim","PLP",0.52157442289014
"Não","Liberado","Sim","Não","Sim","Sim","PLP",0.461351953385169
"Sim","Sim","Não","Não","Sim","Sim","PLP",0.440851521991906
"Não","Sim","Não","Não","Sim","Sim","PLP",0.388313976640596
"Sim","Não","Não","Não","Sim","Sim","PLP",0.37115677482124
"Não","Não","Não","Não","Sim","Sim","PLP",0.321585882825323
"Sim","Liberado","Não","Não","Sim","Sim","PLP",0.393400001583127
"Não","Liberado","Não","Não","Sim","Sim","PLP",0.350679019129954
"Sim","Sim","Liberado","Não","Sim","Sim","PLP",0.489963552588602
"Não","Sim","Liberado","Não","Sim","Sim","PLP",0.438980069440068
"Sim","Não","Liberado","Não","Sim","Sim","PLP",0.422244004089527
"Não","Não","Liberado","Não","Sim","Sim","PLP",0.375204738072385
"Sim","Liberado","Liberado","Não","Sim","Sim","PLP",0.439959196395146
"Não","Liberado","Liberado","Não","Sim","Sim","PLP",0.401840863132667
"Sim","Sim","Sim","Liberado","Sim","Sim","PLP",0.614173298124384
"Não","Sim","Sim","Liberado","Sim","Sim","PLP",0.554315637733633
"Sim","Não","Sim","Liberado","Sim","Sim","PLP",0.528497230693868
"Não","Não","Sim","Liberado","Sim","Sim","PLP",0.485635773014684
"Sim","Liberado","Sim","Liberado","Sim","Sim","PLP",0.542875058699519
"Não","Liberado","Sim","Liberado","Sim","Sim","PLP",0.506165607094106
"Sim","Sim","Não","Liberado","Sim","Sim","PLP",0.472628564842687
"Não","Sim","Não","Liberado","Sim","Sim","PLP",0.440229366261588
"Sim","Não","Não","Liberado","Sim","Sim","PLP",0.400715252458461
"Não","Não","Não","Liberado","Sim","Sim","PLP",0.378678577037994
"Sim","Liberado","Não","Liberado","Sim","Sim","PLP",0.416644483148555
"Não","Liberado","Não","Liberado","Sim","Sim","PLP",0.402650929407081
"Sim","Sim","Liberado","Liberado","Sim","Sim","PLP",0.529498134456351
"Não","Sim","Liberado","Liberado","Sim","Sim","PLP",0.496350145955558
"Sim","Não","Liberado","Liberado","Sim","Sim","PLP",0.457983024630394
"Não","Não","Liberado","Liberado","Sim","Sim","PLP",0.435604061031534
"Sim","Liberado","Liberado","Liberado","Sim","Sim","PLP",0.470758686810943
"Não","Liberado","Liberado","Liberado","Sim","Sim","PLP",0.457452852089141
"Sim","Sim","Sim","Sim","Não","Sim","PLP",0.607869017935038
"Não","Sim","Sim","Sim","Não","Sim","PLP",0.552282035688962
"Sim","Não","Sim","Sim","Não","Sim","PLP",0.503997888465865
"Não","Não","Sim","Sim","Não","Sim","PLP",0.473418066531609
"Sim","Liberado","Sim","Sim","Não","Sim","PLP",0.5096134304406
"Não","Liberado","Sim","Sim","Não","Sim","PLP",0.486105856887585
"Sim","Sim","Não","Sim","Não","Sim","PLP",0.48063258985132
"Não","Sim","Não","Sim","Não","Sim","PLP",0.424240564099963
"Sim","Não","Não","Sim","Não","Sim","PLP",0.399798827688187
"Não","Não","Não","Sim","Não","Sim","PLP",0.361450068243844
"Sim","Liberado","Não","Sim","Não","Sim","PLP",0.41585189040751
"Não","Liberado","Não","Sim","Não","Sim","PLP",0.379317808623535
"Sim","Sim","Liberado","Sim","Não","Sim","PLP",0.523619132061395
"Não","Sim","Liberado","Sim","Não","Sim","PLP",0.474761205334597
"Sim","Não","Liberado","Sim","Não","Sim","PLP",0.446097567264379
"Não","Não","Liberado","Sim","Não","Sim","PLP",0.41477953099774
"Sim","Liberado","Liberado","Sim","Não","Sim","PLP",0.456105833764385
"Não","Liberado","Liberado","Sim","Não","Sim","PLP",0.42935835324338
"Sim","Sim","Sim","Não","Não","Sim","PLP",0.530588631643381
"Não","Sim","Sim","Não","Não","Sim","PLP",0.452234072712736
"Sim","Não","Sim","Não","Não","Sim","PLP",0.448587694765978
"Não","Não","Sim","Não","Não","Sim","PLP",0.381949415486142
"Sim","Liberado","Sim","Não","Não","Sim","PLP",0.470487020556156
"Não","Liberado","Sim","Não","Não","Sim","PLP",0.407685703762823
"Sim","Sim","Não","Não","Não","Sim","PLP",0.396799795281953
"Não","Sim","Não","Não","Não","Sim","PLP",0.326463673054145
"Sim","Não","Não","Não","Não","Sim","PLP",0.317368550528256
"Não","Não","Não","Não","Não","Sim","PLP",0.251731506020517
"Sim","Liberado","Não","Não","Não","Sim","PLP",0.346695962501229
"Não","Liberado","Não","Não","Não","Sim","PLP",0.278712207830404
"Sim","Sim","Liberado","Não","Não","Sim","PLP",0.450161982859925
"Não","Sim","Liberado","Não","Não","Sim","PLP",0.387296143595797
"Sim","Não","Liberado","Não","Não","Sim","PLP",0.376651276574403
"Não","Não","Liberado","Não","Não","Sim","PLP",0.317593520373224
"Sim","Liberado","Liberado","Não","Não","Sim","PLP",0.4013284762555
"Não","Liberado","Liberado","Não","Não","Sim","PLP",0.345147049905482
"Sim","Sim","Sim","Liberado","Não","Sim","PLP",0.546230997493841
"Não","Sim","Sim","Liberado","Não","Sim","PLP",0.492423784623175
"Sim","Não","Sim","Liberado","Não","Sim","PLP",0.463570299095152
"Não","Não","Sim","Liberado","Não","Sim","PLP",0.427946070482617
"Sim","Liberado","Sim","Liberado","Não","Sim","PLP",0.476966927605457
"Não","Liberado","Sim","Liberado","Não","Sim","PLP",0.447301319481406
"Sim","Sim","Não","Liberado","Não","Sim","PLP",0.430153411640486
"Não","Sim","Não","Liberado","Não","Sim","PLP",0.38110930163311
"Sim","Não","Não","Liberado","Não","Sim","PLP",0.355791555569626
"Não","Não","Não","Liberado","Não","Sim","PLP",0.317928528670623
"Sim","Liberado","Não","Liberado","Não","Sim","PLP",0.376810516707673
"Não","Liberado","Não","Liberado","Não","Sim","PLP",0.341031126284757
"Sim","Sim","Liberado","Liberado","Não","Sim","PLP",0.481856682098429
"Não","Sim","Liberado","Liberado","Não","Sim","PLP",0.439328815071229
"Sim","Não","Liberado","Liberado","Não","Sim","PLP",0.410560107217976
"Não","Não","Liberado","Liberado","Não","Sim","PLP",0.379098223442233
"Sim","Liberado","Liberado","Liberado","Não","Sim","PLP",0.427111587208318
"Não","Liberado","Liberado","Liberado","Não","Sim","PLP",0.400540478667278
"Sim","Sim","Sim","Sim","Liberado","Sim","PLP",0.601910292060384
"Não","Sim","Sim","Sim","Liberado","Sim","PLP",0.551094998966803
"Sim","Não","Sim","Sim","Liberado","Sim","PLP",0.499464074343536
"Não","Não","Sim","Sim","Liberado","Sim","PLP",0.474395355160837
"Sim","Liberado","Sim","Sim","Liberado","Sim","PLP",0.505037448390425
"Não","Liberado","Sim","Sim","Liberado","Sim","PLP",0.487386306234881
"Sim","Sim","Não","Sim","Liberado","Sim","PLP",0.478350760190697
"Não","Sim","Não","Sim","Liberado","Sim","PLP",0.429780022757355
"Sim","Não","Não","Sim","Liberado","Sim","PLP",0.40157355342798
"Não","Não","Não","Sim","Liberado","Sim","PLP",0.369745265444693
"Sim","Liberado","Não","Sim","Liberado","Sim","PLP",0.41465584255569
"Não","Liberado","Não","Sim","Liberado","Sim","PLP",0.386870747966551
"Sim","Sim","Liberado","Sim","Liberado","Sim","PLP",0.520907152877348
"Não","Sim","Liberado","Sim","Liberado","Sim","PLP",0.478732100479142
"Sim","Não","Liberado","Sim","Liberado","Sim","PLP",0.445233713841835
"Não","Não","Liberado","Sim","Liberado","Sim","PLP",0.420627930906851
"Sim","Liberado","Liberado","Sim","Liberado","Sim","PLP",0.453914278550099
"Não","Liberado","Liberado","Sim","Liberado","Sim","PLP",0.435103557069465
"Sim","Sim","Sim","Não","Liberado","Sim","PLP",0.521010743539104
"Não","Sim","Sim","Não","Liberado","Sim","PLP",0.450912449211493
"Sim","Não","Sim","Não","Liberado","Sim","PLP",0.444046630665192
"Não","Não","Sim","Não","Liberado","Sim","PLP",0.386031755383424
"Sim","Liberado","Sim","Não","Liberado","Sim","PLP",0.461470309270366
"Não","Liberado","Sim","Não","Liberado","Sim","PLP",0.408076925900742
"Sim","Sim","Não","Não","Liberado","Sim","PLP",0.401440570673603
"Não","Sim","Não","Não","Liberado","Sim","PLP",0.341873502168193
"Sim","Não","Não","Não","Liberado","Sim","PLP",0.331436430244686
"Não","Não","Não","Não","Liberado","Sim","PLP",0.274243018019411
"Sim","Liberado","Não","Não","Liberado","Sim","PLP",0.354082364441445
"Não","Liberado","Não","Não","Liberado","Sim","PLP",0.297245747592154
"Sim","Sim","Liberado","Não","Liberado","Sim","PLP",0.448841079411646
"Não","Sim","Liberado","Não","Liberado","Sim","PLP",0.395761143467911
"Sim","Não","Liberado","Não","Liberado","Sim","PLP",0.382144655428906
"Não","Não","Liberado","Não","Liberado","Sim","PLP",0.332190605388554
"Sim","Liberado","Liberado","Não","Liberado","Sim","PLP",0.401188061358665
"Não","Liberado","Liberado","Não","Liberado","Sim","PLP",0.355658323161491
"Sim","Sim","Sim","Liberado","Liberado","Sim","PLP",0.539578559132045
"Não","Sim","Sim","Liberado","Liberado","Sim","PLP",0.491843543288066
"Sim","Não","Sim","Liberado","Liberado","Sim","PLP",0.459476747469437
"Não","Não","Sim","Liberado","Liberado","Sim","PLP",0.430288820840675
"Sim","Liberado","Sim","Liberado","Liberado","Sim","PLP",0.470963131358386
"Não","Liberado","Sim","Liberado","Liberado","Sim","PLP",0.448380713318213
"Sim","Sim","Não","Liberado","Liberado","Sim","PLP",0.434426047023252
"Não","Sim","Não","Liberado","Liberado","Sim","PLP",0.39337771717154
"Sim","Não","Não","Liberado","Liberado","Sim","PLP",0.363801910046354
"Não","Não","Não","Liberado","Liberado","Sim","PLP",0.332228397638855
"Sim","Liberado","Não","Liberado","Liberado","Sim","PLP",0.381713086901179
"Não","Liberado","Não","Liberado","Liberado","Sim","PLP",0.354315924234409
"Sim","Sim","Liberado","Liberado","Liberado","Sim","PLP",0.481442723320727
"Não","Sim","Liberado","Liberado","Liberado","Sim","PLP",0.446102851881626
"Sim","Não","Liberado","Liberado","Liberado","Sim","PLP",0.413174865726886
"Não","Não","Liberado","Liberado","Liberado","Sim","PLP",0.388524907735102
"Sim","Liberado","Liberado","Liberado","Liberado","Sim","PLP",0.426918041615942
"Não","Liberado","Liberado","Liberado","Liberado","Sim","PLP",0.408259258004874
"Sim","Sim","Sim","Sim","Sim","Não","PLP",0.643646111489551
"Não","Sim","Sim","Sim","Sim","Não","PLP",0.580842299305254
"Sim","Não","Sim","Sim","Sim","Não","PLP",0.565915809640951
"Não","Não","Sim","Sim","Sim","Não","PLP",0.512221753288603
"Sim","Liberado","Sim","Sim","Sim","Não","PLP",0.585963151226981
"Não","Liberado","Sim","Sim","Sim","Não","PLP",0.542191266150139
"Sim","Sim","Não","Sim","Sim","Não","PLP",0.490570448018754
"Não","Sim","Não","Sim","Sim","Não","PLP",0.439278685964824
"Sim","Não","Não","Sim","Sim","Não","PLP",0.431219743280338
"Não","Não","Não","Sim","Sim","Não","PLP",0.387686022609552
"Sim","Liberado","Não","Sim","Sim","Não","PLP",0.453856609199703
"Não","Liberado","Não","Sim","Sim","Não","PLP",0.421178830060599
"Sim","Sim","Liberado","Sim","Sim","Não","PLP",0.542062059498545
"Não","Sim","Liberado","Sim","Sim","Não","PLP",0.491978636030922
"Sim","Não","Liberado","Sim","Sim","Não","PLP",0.489359702274589
"Não","Não","Liberado","Sim","Sim","Não","PLP",0.44907923138238
"Sim","Liberado","Liberado","Sim","Sim","Não","PLP",0.509477825861611
"Não","Liberado","Liberado","Sim","Sim","Não","PLP",0.480694803757794
"Sim","Sim","Sim","Não","Sim","Não","PLP",0.518118910412266
"Não","Sim","Sim","Não","Sim","Não","PLP",0.448737893685074
"Sim","Não","Sim","Não","Sim","Não","PLP",0.453779204202066
"Não","Não","Sim","Não","Sim","Não","PLP",0.386961581050975
"Sim","Liberado","Sim","Não","Sim","Não","PLP",0.480286371547081
"Não","Liberado","Sim","Não","Sim","Não","PLP",0.423084993053761
"Sim","Sim","Não","Não","Sim","Não","PLP",0.40084207266339
"Não","Sim","Não","Não","Sim","Não","PLP",0.353230273499779
"Sim","Não","Não","Não","Sim","Não","PLP",0.327823474805461
"Não","Não","Não","Não","Sim","Não","PLP",0.272802715608922
"Sim","Liberado","Não","Não","Sim","Não","PLP",0.36134287134349
"Não","Liberado","Não","Não","Sim","Não","PLP",0.317666276168336
"Sim","Sim","Liberado","Não","Sim","Não","PLP",0.449625984202634
"Não","Sim","Liberado","Não","Sim","Não","PLP",0.403403781033239
"Sim","Não","Liberado","Não","Sim","Não","PLP",0.391075808637728
"Não","Não","Liberado","Não","Sim","Não","PLP",0.341465117362035
"Sim","Liberado","Liberado","Não","Sim","Não","PLP",0.4191175968494
"Não","Liberado","Liberado","Não","Sim","Não","PLP",0.382221011176413
"Sim","Sim","Sim","Liberado","Sim","Não","PLP",0.562562582781934
"Não","Sim","Sim","Liberado","Sim","Não","PLP",0.514172080836023
"Sim","Não","Sim","Liberado","Sim","Não","PLP",0.496734049213179
"Não","Não","Sim","Liberado","Sim","Não","PLP",0.456268426250043
"Sim","Liberado","Sim","Liberado","Sim","Não","PLP",0.517648769147832
"Não","Liberado","Sim","Liberado","Sim","Não","PLP",0.487006002111904
"Sim","Sim","Não","Liberado","Sim","Não","PLP",0.448494668095349
"Não","Sim","Não","Liberado","Sim","Não","PLP",0.420616873589948
"Sim","Não","Não","Liberado","Sim","Não","PLP",0.384962067513388
"Não","Não","Não","Liberado","Sim","Não","PLP",0.358381732067116
"Sim","Liberado","Não","Liberado","Sim","Não","PLP",0.409185570056405
"Não","Liberado","Não","Liberado","Sim","Não","PLP",0.39495021066913
"Sim","Sim","Liberado","Liberado","Sim","Não","PLP",0.503744269819739
"Não","Sim","Liberado","Liberado","Sim","Não","PLP",0.476344768374752
"Sim","Não","Liberado","Liberado","Sim","Não","PLP",0.448464140771048
"Não","Não","Liberado","Liberado","Sim","Não","PLP",0.425389875127719
"Sim","Liberado","Liberado","Liberado","Sim","Não","PLP",0.469409304462917
"Não","Liberado","Liberado","Liberado","Sim","Não","PLP",0.458718137681566
"Sim","Sim","Sim","Sim","Não","Não","PLP",0.570500327120502
"Não","Sim","Sim","Sim","Não","Não","PLP",0.519957643963512
"Sim","Não","Sim","Sim","Não","Não","PLP",0.497121366871262
"Não","Não","Sim","Sim","Não","Não","PLP",0.459566675099857
"Sim","Liberado","Sim","Sim","Não","Não","PLP",0.513568574676413
"Não","Liberado","Sim","Sim","Não","Não","PLP",0.485397069958737
"Sim","Sim","Não","Sim","Não","Não","PLP",0.432106838846899
"Não","Sim","Não","Sim","Não","Não","PLP",0.373197770653541
"Sim","Não","Não","Sim","Não","Não","PLP",0.370098255238991
"Não","Não","Não","Sim","Não","Não","PLP",0.319786254975114
"Sim","Liberado","Não","Sim","Não","Não","PLP",0.394576232112951
"Não","Liberado","Não","Sim","Não","Não","PLP",0.349848275974501
"Sim","Sim","Liberado","Sim","Não","Não","PLP",0.486549064488468
"Não","Sim","Liberado","Sim","Não","Não","PLP",0.437026682449888
"Sim","Não","Liberado","Sim","Não","Não","PLP",0.434607610985466
"Não","Não","Liberado","Sim","Não","Não","PLP",0.395385340991907
"Sim","Liberado","Liberado","Sim","Não","Não","PLP",0.455158752934459
"Não","Liberado","Liberado","Sim","Não","Não","PLP",0.423074520447095
"Sim","Sim","Sim","Não","Não","Não","PLP",0.466279157400551
"Não","Sim","Sim","Não","Não","Não","PLP",0.389034019217352
"Sim","Não","Sim","Não","Não","Não","PLP",0.401117494916476
"Não","Não","Sim","Não","Não","Não","PLP",0.326611585676273
"Sim","Liberado","Sim","Não","Não","Não","PLP",0.431614172557756
"Não","Liberado","Sim","Não","Não","Não","PLP",0.361412926535595
"Sim","Sim","Não","Não","Não","Não","PLP",0.321996191087703
"Não","Sim","Não","Não","Não","Não","PLP",0.247289736045532
"Sim","Não","Não","Não","Não","Não","PLP",0.244687993988255
"Não","Não","Não","Não","Não","Não","PLP",0.164023041040861
"Sim","Liberado","Não","Não","Não","Não","PLP",0.280279068881004
"Não","Liberado","Não","Não","Não","Não","PLP",0.200919764357172
"Sim","Sim","Liberado","Não","Não","Não","PLP",0.390107342796773
"Não","Sim","Liberado","Não","Não","Não","PLP",0.324636090169908
"Sim","Não","Liberado","Não","Não","Não","PLP",0.328255802721449
"Não","Não","Liberado","Não","Não","Não","PLP",0.259621098768108
"Sim","Liberado","Liberado","Não","Não","Não","PLP",0.361616095455184
"Não","Liberado","Liberado","Não","Não","Não","PLP",0.297548943851926
"Sim","Sim","Sim","Liberado","Não","Não","PLP",0.512099033173753
"Não","Sim","Sim","Liberado","Não","Não","PLP",0.463729061494333
"Sim","Não","Sim","Liberado","Não","Não","PLP",0.448108534426943
"Não","Não","Sim","Liberado","Não","Não","PLP",0.408501324909568
"Sim","Liberado","Sim","Liberado","Não","Não","PLP",0.472024168464205
"Não","Liberado","Sim","Liberado","Não","Não","PLP",0.439906289542145
"Sim","Sim","Não","Liberado","Não","Não","PLP",0.390466026220001
"Não","Sim","Não","Liberado","Não","Não","PLP",0.340443484336171
"Sim","Não","Não","Liberado","Não","Não","PLP",0.324772890015797
"Não","Não","Não","Liberado","Não","Não","PLP",0.276677738158979
"Sim","Liberado","Não","Liberado","Não","Não","PLP",0.353718051593667
"Não","Liberado","Não","Liberado","Não","Não","PLP",0.311527493906779
"Sim","Sim","Liberado","Liberado","Não","Não","PLP",0.452958254412612
"Não","Sim","Liberado","Liberado","Não","Não","PLP",0.411425762355133
"Sim","Não","Liberado","Liberado","Não","Não","PLP",0.397278912219328
"Não","Não","Liberado","Liberado","Não","Não","PLP",0.360456380023603
"Sim","Liberado","Liberado","Liberado","Não","Não","PLP",0.423514205437673
"Não","Liberado","Liberado","Liberado","Não","Não","PLP",0.393848153478125
"Sim","Sim","Sim","Sim","Liberado","Não","PLP",0.56728657153007
"Não","Sim","Sim","Sim","Liberado","Não","PLP",0.521602517096723
"Sim","Não","Sim","Sim","Liberado","Não","PLP",0.494458458638178
"Não","Não","Sim","Sim","Liberado","Não","PLP",0.462619418026387
"Sim","Liberado","Sim","Sim","Liberado","Não","PLP",0.508862602718979
"Não","Liberado","Sim","Sim","Liberado","Não","PLP",0.486752077806831
"Sim","Sim","Não","Sim","Liberado","Não","PLP",0.439378274783391
"Não","Sim","Não","Sim","Liberado","Não","PLP",0.389133921375449
"Sim","Não","Não","Sim","Liberado","Não","PLP",0.380021744164581
"Não","Não","Não","Sim","Liberado","Não","PLP",0.336982673668019
"Sim","Liberado","Não","Sim","Liberado","Não","PLP",0.401615267576452
"Não","Liberado","Não","Sim","Liberado","Não","PLP",0.366413448297122
"Sim","Sim","Liberado","Sim","Liberado","Não","PLP",0.489023072661238
"Não","Sim","Liberado","Sim","Liberado","Não","PLP",0.4467341822352
"Sim","Não","Liberado","Sim","Liberado","Não","PLP",0.438125087206451
"Não","Não","Liberado","Sim","Liberado","Não","PLP",0.406074719667354
"Sim","Liberado","Liberado","Sim","Liberado","Não","PLP",0.455934105327356
"Não","Liberado","Liberado","Sim","Liberado","Não","PLP",0.432270972361194
"Sim","Sim","Sim","Não","Liberado","Não","PLP",0.465387224416167
"Não","Sim","Sim","Não","Liberado","Não","PLP",0.399169689958218
"Sim","Não","Sim","Não","Liberado","Não","PLP",0.40457790601005
"Não","Não","Sim","Não","Liberado","Não","PLP",0.341171483229963
"Sim","Liberado","Sim","Não","Liberado","Não","PLP",0.429233870096698
"Não","Liberado","Sim","Não","Liberado","Não","PLP",0.371573170174719
"Sim","Sim","Não","Não","Liberado","Não","PLP",0.343976211206153
"Não","Sim","Não","Não","Liberado","Não","PLP",0.283983539274383
"Sim","Não","Não","Não","Liberado","Não","PLP",0.273606307036844
"Não","Não","Não","Não","Liberado","Não","PLP",0.205214446104297
"Sim","Liberado","Não","Não","Liberado","Não","PLP",0.303036241062278
"Não","Liberado","Não","Não","Liberado","Não","PLP",0.239334755664814
"Sim","Sim","Liberado","Não","Liberado","Não","PLP",0.400591118153193
"Não","Sim","Liberado","Não","Liberado","Não","PLP",0.348564957221698
"Sim","Não","Liberado","Não","Liberado","Não","PLP",0.344516999502737
"Não","Não","Liberado","Não","Liberado","Não","PLP",0.288307698207358
"Sim","Liberado","Liberado","Não","Liberado","Não","PLP",0.371444940980261
"Não","Liberado","Liberado","Não","Liberado","Não","PLP",0.322032395599431
"Sim","Sim","Sim","Liberado","Liberado","Não","PLP",0.510274074940539
"Não","Sim","Sim","Liberado","Liberado","Não","PLP",0.467830030573115
"Sim","Não","Sim","Liberado","Liberado","Não","PLP",0.447840141549778
"Não","Não","Sim","Liberado","Liberado","Não","PLP",0.414640573138393
"Sim","Liberado","Sim","Liberado","Liberado","Não","PLP",0.46858766576396
"Não","Liberado","Sim","Liberado","Liberado","Não","PLP",0.443524316047994
"Sim","Sim","Não","Liberado","Liberado","Não","PLP",0.405383338928582
"Não","Sim","Não","Liberado","Liberado","Não","PLP",0.364141843114921
"Sim","Não","Não","Liberado","Liberado","Não","PLP",0.341902329645583
"Não","Não","Não","Liberado","Liberado","Não","PLP",0.300957331814007
"Sim","Liberado","Não","Liberado","Liberado","Não","PLP",0.367766791582662
"Não","Liberado","Não","Liberado","Liberado","Não","PLP",0.334843792543684
"Sim","Sim","Liberado","Liberado","Liberado","Não","PLP",0.45973183117267
"Não","Sim","Liberado","Liberado","Liberado","Não","PLP",0.425803378178982
"Sim","Não","Liberado","Liberado","Liberado","Não","PLP",0.405842341507319
"Não","Não","Liberado","Liberado","Liberado","Não","PLP",0.376323152190479
"Sim","Liberado","Liberado","Liberado","Liberado","Não","PLP",0.428536860560329
"Não","Liberado","Liberado","Liberado","Liberado","Não","PLP",0.407299241983703
